구,시설명,주소,위도,경도,시설종류
서구지회,내서,대구광역시 서구 달구벌대로 365길 21-5  ,35.86260386,128.5630534,경로당
서구지회,시영내당(아),대구광역시 서구 서대구로8길 15  ,35.86297589,128.557744,경로당
서구지회,홍실1차,대구광역시 서구 서대구로8길 49  ,35.86213584,128.5615186,경로당
서구지회,황성정,대구광역시 서구 통학로 46  ,35.86385164,128.56491,경로당
서구지회,홍실2차,대구광역시 서구 통학로 39  ,35.86394862,128.5638907,경로당
서구지회,이편한세상,대구광역시 서구 달구벌대로361길 41  ,35.86380706,128.5596172,경로당
서구지회,장수 ,대구광역시 서구 큰장로9길 9-3  ,35.86523431,128.5719664,경로당
서구지회,내당2동,대구광역시 서구 큰장로15길 14-20  ,35.86777098,128.5746608,경로당
서구지회,내당,대구광역시 서구 평리로 408-13  ,35.8659542,128.567581,경로당
서구지회,천일,대구광역시 서구 달구벌대로373길 2-24  ,35.86213637,128.5689303,경로당
서구지회,삼화,대구광역시 서구 달구벌대로373길 7-5  ,35.86196542,128.5678124,경로당
서구지회,삼익맨션,대구광역시 서구 서대구로 25  ,35.86088431,128.5558761,경로당
서구지회,광장타운,대구광역시 서구 달구벌대로 1707  ,35.85654077,128.5520337,경로당
서구지회,명우,대구광역시 서구 평리로 214  ,35.86032478,128.5469312,경로당
서구지회,삼익뉴타운,대구광역시 서구 평리로 236  ,35.859338,128.5483218,경로당
서구지회,내당4동,대구광역시 서구 서대구로3길 43  ,35.85864528,128.5521993,경로당
서구지회,내우,대구광역시 서구 당산로51길 28-5  ,35.85878441,128.5447702,경로당
서구지회,코오롱,대구광역시 서구 당산로 260  ,35.85948686,128.5471775,경로당
서구지회,동화타운,대구광역시 서구 달구벌대로337길 29  ,35.85743173,128.5505119,경로당
서구지회,웰빙,대구광역시 서구 서대구로7길 46  ,35.86075444,128.5514175,경로당
서구지회,당산,대구광역시 서구 달서로39길 24  ,35.88087849,128.5691998,경로당
서구지회,원상,대구광역시 서구 통학로49길 30-27  ,35.88143739,128.5599931,경로당
서구지회,만수정,대구광역시 서구 북비산로61길 34  ,35.88287022,128.5677393,경로당
서구지회,비산1동,대구광역시 서구 통학로52길 30  ,35.88376215,128.5662495,경로당
서구지회,거창,대구광역시 서구 북비산로61길 43-5  ,35.88355959,128.5665843,경로당
서구지회,비룡,대구광역시 서구 북비산로75길 6  ,35.87956549,128.5742834,경로당
서구지회,인동촌  ,대구광역시 서구 북비산로74길 17  ,35.87825373,128.5750163,경로당
서구지회,달성  ,대구광역시 서구 달성공원로 13-14  ,35.87173641,128.5790633,경로당
서구지회,모범,대구광역시 서구 달서로26길 35-8  ,35.87267648,128.5753429,경로당
서구지회,장수,대구광역시 서구 달서로34길 13-14  ,35.87757127,128.5730875,경로당
서구지회,쉼터,대구광역시 서구 달서로34길 23-6  ,35.87726651,128.5741132,경로당
서구지회,상록 ,대구광역시 서구 달서로18길 42-3  ,35.87055146,128.5758919,경로당
서구지회,동흔 ,대구광역시 서구 국채보상로76길 27-1  ,35.86955837,128.5721235,경로당
서구지회,일구 ,대구광역시 서구 평리로85길 15  ,35.86827741,128.5698271,경로당
서구지회,비산한신휴플러스,대구광역시 서구 달서로17길 17  ,35.87013401,128.5687137,경로당
서구지회,비산우방아파트,대구광역시 서구 통학로24길 60  ,35.87106807,128.5695113,경로당
서구지회,비산5동제1,대구광역시 서구 서대구로68길 60-9  ,35.8878094,128.5689564,경로당
서구지회,비산5동제2,대구광역시 서구 달서천로61길 2-6  ,35.88499334,128.5684071,경로당
서구지회,비산6동,대구광역시 서구 문화로69길 26-16  ,35.87828796,128.5705275,경로당
서구지회,비산6동제2,대구광역시 서구 달서로27길 13-1  ,35.87439938,128.5696182,경로당
서구지회,비산7동제1,대구광역시 서구 달서천로49안길 31-2  ,35.88708139,128.5627557,경로당
서구지회,비산7동제2 ,대구광역시 서구 서대구로 346-2  ,35.88770133,128.5598199,경로당
서구지회,들마을,대구광역시 서구 통학로30길 5-15  ,35.87434942,128.5633673,경로당
서구지회,신도,대구광역시 서구 문화로 313-14  ,35.8763047,128.5663363,경로당
서구지회,평산,대구광역시 서구 통학로40길 37-2  ,35.87858065,128.5669439,경로당
서구지회,서부,대구광역시 서구 국채보상로 336-6  ,35.8717179,128.5678289,경로당
서구지회,평원,대구광역시 서구 국채보상로66길 38-8  ,35.86884643,128.5665185,경로당
서구지회,평리2동,대구광역시 서구 국채보상로60길 35-9  ,35.86879711,128.564754,경로당
서구지회,평리롯데캐슬,대구광역시 서구 국채보상로 316  ,35.87138966,128.564946,경로당
서구지회,새마을,대구광역시 서구 서대구로36길 5-16  ,35.87481888,128.5556249,경로당
서구지회,평안,대구광역시 서구 서대구로42길 47-15  ,35.87739527,128.5598216,경로당
서구지회,서안,대구광역시 서구 북비산로 229-4  ,35.87948521,128.5582085,경로당
서구지회,평리 ,대구광역시 서구 서대구로42길 67-1  ,35.87698321,128.5624912,경로당
서구지회,만수,대구광역시 서구 평리로57길 15  ,35.86457439,128.5541947,경로당
서구지회,청수,대구광역시 서구 국채보상로52길 27-35  ,35.86909849,128.5616065,경로당
서구지회,평광,대구광역시 서구 국채보상로50길 42-37  ,35.86700682,128.5591103,경로당
서구지회,장수,대구광역시 서구 평리로73길 11-15  ,35.86626984,128.5620404,경로당
서구지회,평리청구아파트,대구광역시 서구 서대구로 77  ,35.86490205,128.5548583,경로당
서구지회,평리푸르지오,대구광역시 서구 국채보상로50길 20  ,35.86981651,128.5595595,경로당
서구지회,평리5동경로당,대구광역시 서구 서대구로31길 11  ,35.87177661,128.5527743,경로당
서구지회,평리6동,대구광역시 서구 서대구로45길 57-8  ,35.87761112,128.5482647,경로당
서구지회,복지,대구광역시 서구 서대구로41길 10  ,35.87696806,128.5536865,경로당
서구지회,새동네,대구광역시 서구 북비산로31길 11-28  ,35.88024027,128.5500611,경로당
서구지회,상리1동,대구광역시 서구 새방로27길 4  ,35.86819366,128.5294433,경로당
서구지회,상리2동,대구광역시 서구 가르뱅이로 63-24  ,35.88286628,128.530276,경로당
서구지회,이현,대구광역시 서구 북비산로 104-8  ,35.87816825,128.5443389,경로당
서구지회,중리시영2차,대구광역시 서구 국채보상로38길 32  ,35.86726483,128.5515938,경로당
서구지회,꽃동네,대구광역시 서구 평리로 221  ,35.86290904,128.5478775,경로당
서구지회,두견화,대구광역시 서구 국채보상로36길 42  ,35.86568499,128.5506541,경로당
서구지회,중리,대구광역시 서구 와룡로70길 66  ,35.86353068,128.544831,경로당
서구지회,진달래,대구광역시 서구 국채보상로38길 22  ,35.86770377,128.552179,경로당
서구지회,중리시영(아),대구광역시 서구 당산로 324  ,35.86423618,128.547289,경로당
서구지회,중리일송,대구광역시 서구 당산로53길 110-4  ,35.85819256,128.5408571,경로당
서구지회,중리상록,대구광역시 서구 국채보상로36길 16-2  ,35.86804015,128.5508124,경로당
서구지회,중리롯데캐슬,대구광역시 서구 국채보상로34길 12  ,35.86617466,128.5489561,경로당
서구지회,"원대1,2가제1",대구광역시 서구 달서천로 405-3  ,35.88176726,128.578167,경로당
서구지회,"원대1,2가제2",대구광역시 서구 달서천로86길 6-10  ,35.88025007,128.5786581,경로당
서구지회,원대3가제1,대구광역시 서구 고성로21길6  ,35.88305942,128.577406,경로당
서구지회,원대3가제2,대구광역시 서구 옥산로2길 7-13  ,35.88608622,128.5765155,경로당
서구지회,금류타운,대구광역시 서구 원대로13길 2  ,35.88296849,128.5805811,경로당
서구지회,센트럴자이,대구광역시 서구 고성로 33  ,35.88683794,128.5742172,경로당
수성구지회,범어1동 제1경로당,대구광역시 수성구 동대구로54길 7 ,35.85383749,128.6275097,경로당
수성구지회,범어1동 제2경로당,대구광역시 수성구 청솔로16길 35 ,35.85181836,128.6228726,경로당
수성구지회,궁전맨션경로당,대구광역시 수성구 동대구로 274 ,35.853875,128.6261873,경로당
수성구지회,아진맨션경로당,대구광역시 수성구 동대구로 38길 80 ,35.84980736,128.6277982,경로당
수성구지회,태왕유성하이빌경로당,대구광역시 수성구 동대구로 250 ,35.85272513,128.6258091,경로당
수성구지회,범어유림노르웨이숲경로당,대구광역시 수성구 동대구로50길 37 ,35.85309393,128.6272478,경로당
수성구지회,범어1동 청구푸른마을경로당,대구광역시 수성구 동대구로 240 ,35.85168075,128.6276025,경로당
수성구지회,범어쌍용예가아파트경로당,대구광역시 수성구 명덕로 477 ,35.85420972,128.6217247,경로당
수성구지회,범어롯데캐슬경로당,대구광역시 수성구 동대구로 300 ,35.85676757,128.6272964,경로당
수성구지회,범어2동 제1경로당,대구광역시 수성구 동원로11길 14 ,35.86373665,128.6388792,경로당
수성구지회,범어2동 제2경로당,대구광역시 수성구 동대구로80길 73-3 ,35.86621329,128.6311207,경로당
수성구지회,범어2동 두산위브더제니스경로당,대구광역시 수성구 달구벌대로 2435 ,35.86047922,128.6294072,경로당
수성구지회,범어3동 제1경로당,대구광역시 수성구 들안로78길 46 ,35.86539616,128.6203968,경로당
수성구지회,청구성조타운경로당,대구광역시 수성구 국채보상로 846 ,35.86702409,128.6227113,경로당
수성구지회,범어화성파크드림경로당,대구광역시 수성구 범어천로 180 ,35.86305379,128.6219534,경로당
수성구지회,범어태왕아너스경로당,대구광역시 수성구 상록로 41 ,35.86291198,128.6233762,경로당
수성구지회,래미안수성경로당,대구광역시 수성구 상록로 69 ,35.86574719,128.6230319,경로당
수성구지회,범어월드메르디앙 웨스턴카운티경로당,대구광역시 수성구 범어천로 200 ,35.86412366,128.6198201,경로당
수성구지회,범어역우방유쉘경로당,대구광역시 수성구 동대구로 345 ,35.86203461,128.6256593,경로당
수성구지회,범어4동제1경로당,대구광역시 수성구 청호로85길 46 ,35.85684933,128.6392327,경로당
수성구지회,유신경로당,대구광역시 수성구 청호로88안길 29-3 ,35.85620135,128.6421642,경로당
수성구지회,범어4동제2경로당,대구광역시 수성구 범어로20길 24-1 ,35.85768791,128.6371342,경로당
수성구지회,장원맨션경로당,대구광역시 수성구 청호로 370 ,35.85155038,128.6394452,경로당
수성구지회,범어가든3차경로당,대구광역시 수성구 청호로 365 ,35.85005165,128.6373945,경로당
수성구지회,서한두레맨션경로당,대구광역시 수성구 달구벌대로496길72 ,35.85194473,128.6346964,경로당
수성구지회,범어청구하이츠경로당,대구광역시 수성구 청호로84안길2 ,35.85391299,128.6407949,경로당
수성구지회,범어에스케이뷰경로당,대구광역시 수성구 범어로 73 ,35.8556492,128.6344287,경로당
수성구지회,우방청솔경로당,대구광역시 수성구 청호로 422 ,35.8541136,128.6402835,경로당
수성구지회,만촌1동 제1경로당,대구광역시 수성구 만촌로24길 37-20 ,35.87154027,128.6421826,경로당
수성구지회,느지경로당,대구광역시 수성구 화랑로40길 46 ,35.87650098,128.6485763,경로당
수성구지회,샘골경로당,대구광역시 수성구 공경로2길 21 ,35.86951412,128.6463056,경로당
수성구지회,럭키골든맨션경로당,대구광역시 수성구 효행로 24 ,35.87580014,128.6502361,경로당
수성구지회,만촌보성타운경로당,대구광역시 수성구 공경로 70 ,35.87443411,128.6428255,경로당
수성구지회,메트로팔레스5단지경로당,대구광역시 수성구 동원로 100 ,35.86840848,128.6386986,경로당
수성구지회,메트로팔레스2단지경로당,대구광역시 수성구 동원로 123 ,35.86871718,128.6347302,경로당
수성구지회,메트로팔레스1단지경로당,대구광역시 수성구 동원로 135 ,35.87076371,128.6346705,경로당
수성구지회,메트로팔레스3단지경로당,대구광역시 수성구 동원로 110 ,35.86895374,128.6381382,경로당
수성구지회,만촌화성파크스위트경로당,대구광역시 수성구 화랑로34길 141 ,35.87447428,128.6533317,경로당
수성구지회,만촌우방하이츠경로당,대구광역시 수성구 화랑로 26 ,35.86876782,128.6320166,경로당
수성구지회,지장경로당,대구광역시 수성구 무열로 65-1 ,35.86443387,128.648875,경로당
수성구지회,만촌경로당,대구광역시 수성구 동원로6길 50-13 ,35.86219368,128.6430237,경로당
수성구지회,태왕리더스경로당,대구광역시 수성구 무열로 47 ,35.86223945,128.6478737,경로당
수성구지회,만촌3동 제1경로당,대구광역시 수성구 달구벌대로526안길6 ,35.85641453,128.6490058,경로당
수성구지회,각계경로당,대구광역시 수성구 달구벌대로530길146 ,35.84959614,128.6510454,경로당
수성구지회,두리봉경로당,대구광역시 수성구 달구벌대로530길92 ,35.85209169,128.6512341,경로당
수성구지회,두봉골경로당,대구광역시 수성구 만촌동 1086-2,35.86904059,128.6480026,경로당
수성구지회,산장맨션경로당,대구광역시 수성구 교학로 111 ,35.84697518,128.6497631,경로당
수성구지회,만촌2차우방타운경로당,대구광역시 수성구 교학로11길 91 ,35.85060998,128.6580557,경로당
수성구지회,만촌우방타운경로당,대구광역시 수성구 교학로11길 46 ,35.85027838,128.6538172,경로당
수성구지회,수성2차 e편한세상경로당,대구광역시 수성구 달구벌대로522길 33 ,35.85639014,128.6474345,경로당
수성구지회,우방팔레스경로당,대구광역시 수성구 청수로 551 ,35.85227459,128.6588908,경로당
수성구지회,만촌3차화성파크드림경로당,대구광역시 수성구 교학로 13 ,35.85384968,128.6529446,경로당
수성구지회,수성1가 제1경로당,대구광역시 수성구 수성로53길 50-4 ,35.85049424,128.61041,경로당
수성구지회,수성1가 제2경로당,대구광역시 수성구 달구벌대로456길 11 ,35.85938503,128.6113652,경로당
수성구지회,신세계타운만수당경로당,대구광역시 수성구 신천동로 320 ,35.85391747,128.6095743,경로당
수성구지회,오성타운경로당,대구광역시 수성구 신천동로 380 ,35.85882418,128.608731,경로당
수성구지회,태왕하이츠리버뷰경로당,대구광역시 수성구 달구벌대로454길 9 ,35.8596427,128.6097003,경로당
수성구지회,수성그린타운경로당,대구광역시 수성구 달구벌대로458길 17 ,35.859333,128.6135928,경로당
수성구지회,한가람타운경로당,대구광역시 수성구 명덕로 368 ,35.85436011,128.6096906,경로당
수성구지회,삼우1차수성타운경로당,대구광역시 수성구 달구벌대로456길 19 ,35.8591499,128.6118642,경로당
수성구지회,수성대백인터빌경로당,대구광역시 수성구 수성로69길 14 ,35.85599841,128.6131978,경로당
수성구지회,영남타워경로당,대구광역시 수성구 달구벌대로456길 43 ,35.85754257,128.6118077,경로당
수성구지회,수성서한이다음경로당,대구광역시 수성구 수성로69길 15 ,35.8552992,128.6123404,경로당
수성구지회,수성동양엘레브경로당,대구광역시 수성구 명덕로73길 40 ,35.8564392,128.6114822,경로당
수성구지회,유성푸르나임경로당,대구광역시 수성구 수성로75길 16 ,35.85792048,128.6129482,경로당
수성구지회,수성롯데캐슬더퍼스트1단지경로당,대구광역시 수성구 수성로69길 70 ,35.85828496,128.6104863,경로당
수성구지회,수성롯데캐슬더퍼스트2단지경로당,대구광역시 수성구 수성로69길 65 ,35.85604568,128.6095178,경로당
수성구지회,수성롯데캐슬더퍼스트3단지경로당,대구광역시 수성구 수성로69길 41 ,35.85535849,128.6109113,경로당
수성구지회,한마음경로당,대구광역시 수성구 들안로52길 35-1 ,35.85266673,128.6190311,경로당
수성구지회,참마음경로당,대구광역시 수성구 수성로60길 45-1 ,35.85235786,128.6160312,경로당
수성구지회,열린경로당,대구광역시 수성구 명덕로 405-4 ,35.85478062,128.6145174,경로당
수성구지회,수성3가롯데캐슬경로당,대구광역시 수성구 명덕로 455 ,35.85439045,128.6190948,경로당
수성구지회,수성코오롱하늘채경로당,대구광역시 수성구 들안로 300 ,35.8567269,128.6186155,경로당
수성구지회,롬바드아파트경로당,대구광역시 수성구 들안로 325 ,35.85894917,128.6167186,경로당
수성구지회,수성4가경로당,대구광역시 수성구 범어천로 151 ,35.86024901,128.6221512,경로당
수성구지회,미수경로당,대구광역시 수성구 들안로81길 29 ,35.86603758,128.6166248,경로당
수성구지회,신천경로당,대구광역시 수성구 신천동로88길 1-15 ,35.86294787,128.6130413,경로당
수성구지회,수성보성타운경로당,대구광역시 수성구 수성로 412 ,35.86347242,128.6150627,경로당
수성구지회,수성화성쌍용타운경로당,대구광역시 수성구 수성로 411 ,35.8618081,128.6130997,경로당
수성구지회,대림e-편한세상경로당,대구광역시 수성구 들안로73길 50-7 ,35.86411917,128.6137167,경로당
수성구지회,우방사랑마을아파트경로당,대구광역시 수성구 달구벌대로 2317 ,35.86053479,128.6164916,경로당
수성구지회,수성우방팔레스경로당,대구광역시 수성구 수성로 400 ,35.86107706,128.6146819,경로당
수성구지회,범어삼환나우빌경로당,대구광역시 수성구 범어천로 197 ,35.86267029,128.620535,경로당
수성구지회,수성데시앙경로당,대구광역시 수성구 들안로 360 ,35.86282387,128.619573,경로당
수성구지회,수성롯데캐슬경로당,대구광역시 수성구 달구벌대로 2315 ,35.86011308,128.6155964,경로당
수성구지회,신천지타운경로당,대구광역시 수성구 청호로46길 16 ,35.8381771,128.6407856,경로당
수성구지회,황금종합복지관경로당,대구광역시 수성구 청수로45길 41 ,35.84290059,128.631169,경로당
수성구지회,캐슬골드파크3단지경로당,대구광역시 수성구 청수로 257 ,35.84133833,128.6347712,경로당
수성구지회,캐슬골드파크4단지경로당,대구광역시 수성구 청수로 261 ,35.84183557,128.6365334,경로당
수성구지회,캐슬골드파크5단지경로당,대구광역시 수성구 청수로 214 ,35.83971745,128.6337221,경로당
수성구지회,캐슬골드파크1단지경로당,대구광역시 수성구 청수로 213 ,35.83951263,128.6295145,경로당
수성구지회,황금태왕아너스경로당,대구광역시 수성구 청호로345 ,35.84791524,128.6381601,경로당
수성구지회,황금힐스테이트경로당,대구광역시 수성구 청수로274 ,35.83976809,128.6375507,경로당
수성구지회,수성2차우방타운경로당,대구광역시 수성구 청호로 330 ,35.84553757,128.640154,경로당
수성구지회,신천지하이츠경로당,대구광역시 수성구 청호로229 ,35.8377569,128.6402293,경로당
수성구지회,황금2동 제1경로당,대구광역시 수성구 희망로36길 32 ,35.84577016,128.6193598,경로당
수성구지회,황금2동 제2경로당,대구광역시 수성구 들안로40안길 7-20 ,35.84756097,128.618883,경로당
수성구지회,황금미진아파트경로당,대구광역시 수성구 청솔로12길 40 ,35.85005789,128.6227557,경로당
수성구지회,힐스테이트황금엘포레경로당,대구광역시 수성구 청솔로 16 ,35.84827312,128.6207443,경로당
수성구지회,중동제1경로당,대구광역시 수성구 수성로39안길 5 ,35.8436319,128.6113806,경로당
수성구지회,중부리경로당,대구광역시 수성구 수성로52안길 7-10 ,35.84989112,128.6151776,경로당
수성구지회,상록수경로당,대구광역시 수성구 들안로29길 26-18 ,35.84439561,128.6153437,경로당
수성구지회,광명아파트경로당,대구광역시 수성구 수성로 165 ,35.84046701,128.611957,경로당
수성구지회,서울중동경로당,대구광역시 수성구 신천동로 216 ,35.84462619,128.6083372,경로당
수성구지회,수성효성해링턴플레이스경로당,대구광역시 수성구 희망로24길 24 ,35.84569581,128.6097566,경로당
수성구지회,상동공원경로당,대구광역시 수성구 들안로13길 118 ,35.8392818,128.6151482,경로당
수성구지회,상동제2경로당,대구광역시 수성구 수성로15길 42-6 ,35.83302951,128.6088133,경로당
수성구지회,한들경로당,대구광역시 수성구 수성로32길 99 ,35.83673594,128.6134575,경로당
수성구지회,덕화경로당,대구광역시 수성구 들안로9길 56 ,35.83212688,128.6154611,경로당
수성구지회,상동청구타운경로당,대구광역시 수성구 수성로19길 41,35.83360119,128.6090953,경로당
수성구지회,정화우방팔레스경로당,대구광역시 수성구 수성로135 ,35.83837138,128.6112638,경로당
수성구지회,수성동일하이빌경로당,대구광역시 수성구 수성로 71 ,35.83266053,128.6109721,경로당
수성구지회,파동 제1경로당,대구광역시 수성구 파동로38길 45-13 ,35.81873618,128.6147077,경로당
수성구지회,파동 제2경로당,대구광역시 수성구 파동로18길 56 ,35.81153829,128.6210411,경로당
수성구지회,대자연1차경로당,대구광역시 수성구 파동로 120 ,35.81529485,128.6157151,경로당
수성구지회,대자연2차경로당,대구광역시 수성구 파동로 84 ,35.81265635,128.618378,경로당
수성구지회,송원맨션경로당,대구광역시 수성구 파동로 223 ,35.82287479,128.6106592,경로당
수성구지회,동신실리안경로당,대구광역시 수성구 파동로 209 ,35.8213863,128.6115046,경로당
수성구지회,화성파크뷰경로당,대구광역시 수성구 파동로 19 ,35.8064437,128.6217937,경로당
수성구지회,청구하이츠경로당,대구광역시 수성구 파동로12길 40 ,35.80960255,128.6224181,경로당
수성구지회,파동 태왕리더스경로당,대구광역시 수성구 파동로 105 ,35.81276047,128.6164343,경로당
수성구지회,수성못코오롱하늘채경로당,대구광역시 수성구 파동로 222 ,35.82255508,128.6117226,경로당
수성구지회,남광타운경로당,대구광역시 수성구 파동로 22길 3 ,35.81378149,128.617112,경로당
수성구지회,두산경로당,대구광역시 수성구 들안로8길 68-5 ,35.8341715,128.6196691,경로당
수성구지회,두산제1경로당,대구광역시 수성구 지범로21-11 ,35.82907399,128.6248895,경로당
수성구지회,대우트럼프월드 수성경로당,대구광역시 수성구 동대구로 59 ,35.83590936,128.6230683,경로당
수성구지회,수성SK리더스뷰경로당,대구광역시 수성구 동대구로 95 ,35.8378585,128.6233589,경로당
수성구지회,지산경로당,대구광역시 수성구 지산로11길 6-19 ,35.82697774,128.6330885,경로당
수성구지회,수동경로당,대구광역시 수성구 지범로31안길 3-14 ,35.8241555,128.6403572,경로당
수성구지회,새마을경로당,대구광역시 수성구 무학로31길 23 ,35.83148854,128.6264414,경로당
수성구지회,지산무학경로당,대구광역시 수성구 청수로38길 53-11 ,35.83654063,128.6285246,경로당
수성구지회,청산맨션경로당,대구광역시 수성구 지범로21길 15 ,35.82551086,128.6353012,경로당
수성구지회,지산타운경로당,대구광역시 수성구 용학로 303 ,35.82331193,128.6408373,경로당
수성구지회,지산서한이다음아파트경로당,대구광역시 수성구 용학로 313 ,35.82356863,128.6412344,경로당
수성구지회,녹원맨션경로당,대구광역시 수성구 무학로 189 ,35.83118534,128.6296015,경로당
수성구지회,동서맨션경로당,대구광역시 수성구 지산로 56 ,35.82586796,128.6344102,경로당
수성구지회,청구타운경로당,대구광역시 수성구 지산로 48 ,35.82527502,128.634227,경로당
수성구지회,시영5단지복지관경로당,대구광역시 수성구 용학로 325 ,35.82407838,128.6424543,경로당
수성구지회,동서무학맨션경로당,대구광역시 수성구 지산로14길 83 ,35.82662901,128.6382049,경로당
수성구지회,보성맨션경로당,대구광역시 수성구 지범로21길 3 ,35.82397727,128.6357176,경로당
수성구지회,거성경로당,대구광역시 수성구 용학로48길 25-1 ,35.81915327,128.6352174,경로당
수성구지회,지산2동경로당,대구광역시 수성구 용학로33길 17-16 ,35.82371945,128.6275973,경로당
수성구지회,지산목련아파트경로당,대구광역시 수성구 용학로42길 13 ,35.82051039,128.6317254,경로당
수성구지회,호반송학경로당,대구광역시 수성구 용학로46길 40 ,35.81900579,128.6329951,경로당
수성구지회,지산우방타운경로당,대구광역시 수성구 지산로 32 ,35.82382001,128.6329405,경로당
수성구지회,현대맨션경로당,대구광역시 수성구 지범로22길 20 ,35.82092164,128.6341755,경로당
수성구지회,지산리더스경로당,대구광역시 수성구 지산로 5 ,35.82177228,128.6311241,경로당
수성구지회,한라타운경로당,대구광역시 수성구 지범로22길 9 ,35.82209497,128.6375134,경로당
수성구지회,화성맨션경로당,대구광역시 수성구 용학로35길 62 ,35.82520553,128.6302866,경로당
수성구지회,영남맨션경로당,대구광역시 수성구 지산로 31 ,35.82485521,128.6317379,경로당
수성구지회,지산에덴경로당,대구광역시 수성구 용학로 223 ,35.82114159,128.6334773,경로당
수성구지회,협화맨션경로당,대구광역시 수성구 지범로22길 23 ,35.82079827,128.6356802,경로당
수성구지회,대우로얄하이츠경로당,대구광역시 수성구 용학로36길 20 ,35.82127124,128.6274444,경로당
수성구지회,지산보성경로당,대구광역시 수성구 지범로22길 10 ,35.82259549,128.6349532,경로당
수성구지회,범물경로당,대구광역시 수성구 범안로16길 46 ,35.81618737,128.6471574,경로당
수성구지회,용지2단지복지관경로당,대구광역시 수성구 범안로 79 ,35.81981274,128.6465456,경로당
수성구지회,범물용지아파트경로당,대구광역시 수성구 범안로 77 ,35.81902326,128.6456417,경로당
수성구지회,범물하이츠경로당,대구광역시 수성구 용학로 336 ,35.82488337,128.6440554,경로당
수성구지회,보성타운경로당,대구광역시 수성구 지범로39길 56 ,35.82125399,128.6436311,경로당
수성구지회,범물보성맨션경로당,대구광역시 수성구 용학로 316 ,35.82239201,128.6424391,경로당
수성구지회,범물청구타운경로당,대구광역시 수성구 지범로39길 12 ,35.8205654,128.6432113,경로당
수성구지회,범물영남타운경로당,대구광역시 수성구 용학로 316 ,35.82239201,128.6424391,경로당
수성구지회,범물공원경로당,대구광역시 수성구 지범로 232 ,35.81840614,128.6433581,경로당
수성구지회,범물2동경로당,대구광역시 수성구 지범로48길 14-1 ,35.8159786,128.6436213,경로당
수성구지회,범물맨션경로당,대구광역시 수성구 용학로 272 ,35.82017384,128.6375301,경로당
수성구지회,서한화성경로당,대구광역시 수성구 지범로40길 11 ,35.81837657,128.6412505,경로당
수성구지회,청아맨션경로당,대구광역시 수성구 범안로 40 ,35.81728611,128.6422876,경로당
수성구지회,신화맨션경로당,대구광역시 수성구 지범로40길 6 ,35.81853375,128.6400868,경로당
수성구지회,범물동서경로당,대구광역시 수성구 범안로 40 ,35.81728611,128.6422876,경로당
수성구지회,삼주타운경로당,대구광역시 수성구 범안로8길 35 ,35.815184,128.6417802,경로당
수성구지회,에덴타운경로당,대구광역시 수성구 지범로40길 6 ,35.81853375,128.6400868,경로당
수성구지회,보성송정타운경로당,대구광역시 수성구 지범로46길 43 ,35.81398702,128.6429352,경로당
수성구지회,두성타운경로당,대구광역시 수성구 지범로 300 ,35.81475543,128.6490813,경로당
수성구지회,우방미진하이츠경로당,대구광역시 수성구 지범로 290 ,35.81453935,128.647408,경로당
수성구지회,청림맨션경로당,대구광역시 수성구 지범로54길 15 ,35.81448821,128.6463271,경로당
수성구지회,범물인앤인아파트경로당,대구광역시 수성구 지범로52길 69 ,35.81402924,128.644101,경로당
수성구지회,수성하늘채르레브경로당,대구광역시 수성구 지범로48길 21 ,35.81505916,128.6442528,경로당
수성구지회,신매경로당,대구광역시 수성구 욱수천로 78 ,35.83509787,128.7121087,경로당
수성구지회,욱수경로당,대구광역시 수성구 욱수천로 15 ,35.82998464,128.7097942,경로당
수성구지회,신매공원경로당,대구광역시 수성구 달구벌대로650길 59-6 ,35.83290611,128.7090822,경로당
수성구지회,천마타운경로당,대구광역시 수성구 신매로 71 ,35.83543477,128.7080935,경로당
수성구지회,태성맨션경로당,대구광역시 수성구 고산로 50 ,35.83563046,128.7049632,경로당
수성구지회,에덴맨션경로당,대구광역시 수성구 고산로12길 34 ,35.8339024,128.7059952,경로당
수성구지회,"대백,신화,창신아파트경로당",대구광역시 수성구 고산로 90 ,35.83767668,128.7044175,경로당
수성구지회,시지두성타운경로당,대구광역시 수성구 고산로 30 ,35.83295495,128.7045826,경로당
수성구지회,"삼주,한라,협화아파트경로당",대구광역시 수성구 신매로 91 ,35.83750996,128.7081881,경로당
수성구지회,시지보성서한아파트경로당,대구광역시 수성구 신매로 21 ,35.83123772,128.7068094,경로당
수성구지회,시지청솔타운경로당,대구광역시 수성구 고산로 70 ,35.83611747,128.7047709,경로당
수성구지회,시지동서타운경로당,대구광역시 수성구 신매로 41 ,35.83378153,128.7075001,경로당
수성구지회,신화빌라트경로당,대구광역시 수성구 달구벌대로650길 29 ,35.8360323,128.7101073,경로당
수성구지회,태왕5차월드하이츠경로당,대구광역시 수성구 욱수천로 7 ,35.8290603,128.7089011,경로당
수성구지회,시지태왕3차하이츠경로당,대구광역시 수성구 욱수천로 77 ,35.83476254,128.7109451,경로당
수성구지회,태왕레전드경로당,대구광역시 수성구 욱수천로 27 ,35.83116426,128.7102362,경로당
수성구지회,사월화성파크드림 2단지경로당,대구광역시 수성구 달구벌대로 3304-1 ,35.83524925,128.7158096,경로당
수성구지회,사월화성파크드림 3단지경로당,대구광역시 수성구 달구벌대로 3304-2 ,35.83469165,128.7142203,경로당
수성구지회,시지효성백년가약 1단지경로당,대구광역시 수성구 달구벌대로 3280 ,35.83653373,128.7151315,경로당
수성구지회,시지효성백년가약 2단지경로당,대구광역시 수성구 달구벌대로 3280-1 ,35.83543253,128.7148795,경로당
수성구지회,웰리치시지경로당,대구광역시 수성구 욱수천로 55 ,35.83265914,128.7101694,경로당
수성구지회,시지경로당,대구광역시 수성구 달구벌대로619길 2 ,35.84329152,128.6965617,경로당
수성구지회,가천경로당,대구광역시 수성구 고모로24길 25 ,35.85258456,128.6862453,경로당
수성구지회,연호경로당,대구광역시 수성구 범안로91길 70 ,35.8370858,128.6675677,경로당
수성구지회,고모경로당,대구광역시 수성구 고모로39길 20 ,35.85737538,128.6767511,경로당
수성구지회,대흥경로당,대구광역시 수성구 월드컵로6길 54 ,35.83170221,128.6846129,경로당
수성구지회,이천경로당,대구광역시 수성구 달구벌대로574길 192-1 ,35.83842968,128.6549905,경로당
수성구지회,노변경로당,대구광역시 수성구 노변로 77 ,35.83852111,128.6999457,경로당
수성구지회,팔현경로당,대구광역시 수성구 팔현길 88-5 ,35.86744026,128.6706353,경로당
수성구지회,삼덕경로당,대구광역시 수성구 범안로64길 18-11 ,35.8279036,128.6686485,경로당
수성구지회,연호동 제2경로당,대구광역시 수성구 달구벌대로 569길 20 ,35.84772011,128.6728768,경로당
수성구지회,청구전원아파트경로당,대구광역시 수성구 시지로 45 ,35.84085007,128.6949858,경로당
수성구지회,은세계아파트경로당,대구광역시 수성구 달구벌대로 3081 ,35.84391849,128.6942349,경로당
수성구지회,제림은탑맨션경로당,대구광역시 수성구 천을로 49 ,35.84518387,128.696481,경로당
수성구지회,노변청구타운경로당,대구광역시 수성구 시지로 21 ,35.84142415,128.693176,경로당
수성구지회,고산노변타운경로당,대구광역시 수성구 시지로 55 ,35.83950871,128.695168,경로당
수성구지회,노변동서우방타운경로당,대구광역시 수성구 노변공원로 22 ,35.84137157,128.6984494,경로당
수성구지회,노변다숲경로당,대구광역시 수성구 노변공원로 34 ,35.83931061,128.697206,경로당
수성구지회,시지대백맨션경로당,대구광역시 수성구 달구벌대로625길 22 ,35.84412966,128.6999628,경로당
수성구지회,노변대백맨션경로당,대구광역시 수성구 노변로 11 ,35.83328127,128.6988452,경로당
수성구지회,수성월드메르디앙경로당,대구광역시 수성구 노변로 55 ,35.83726595,128.6996584,경로당
수성구지회,시지태왕아너스경로당,대구광역시 수성구 천을로 91 ,35.8451621,128.6998236,경로당
수성구지회,시지월드메르디앙경로당,대구광역시 수성구 천을로 70 ,35.84453715,128.6981587,경로당
수성구지회,아이프라임시지경로당,대구광역시 수성구 달구벌대로 3110 ,35.84193251,128.6964725,경로당
수성구지회,수성알파시티청아람아파트경로당,대구광역시 수성구 알파시티2로 96 ,35.83511446,128.6968073,경로당
수성구지회,수성알파시티 동화아이위시 경로당,대구광역시 수성구 알파시티2로 48 ,35.83797535,128.6930397,경로당
수성구지회,사월경로당,대구광역시 수성구 달구벌대로 3321-4 ,35.83654977,128.7194806,경로당
수성구지회,매호경로당,대구광역시 수성구 천을로31길 40 ,35.84687807,128.7088324,경로당
수성구지회,성동경로당,대구광역시 수성구 성동로 166 ,35.84864046,128.7211783,경로당
수성구지회,매호공원경로당,대구광역시 수성구 천을로23길 5 ,35.84463873,128.7039606,경로당
수성구지회,누리타운경로당,대구광역시 수성구 달구벌대로637길 21 ,35.84189465,128.7060145,경로당
수성구지회,하나타운경로당,대구광역시 수성구 고산로 123 ,35.8418963,128.7046014,경로당
수성구지회,두레타운경로당,대구광역시 수성구 천을로 131 ,35.84399807,128.7053754,경로당
수성구지회,매호협화타운경로당,대구광역시 수성구 천을로 181 ,35.84290692,128.7108453,경로당
수성구지회,동서타운학수정경로당,대구광역시 수성구 천을로 180 ,35.84268095,128.709674,경로당
수성구지회,사월보성타운경로당,대구광역시 수성구 욱수천로 133 ,35.83938876,128.7158123,경로당
수성구지회,시지2차서한타운경로당,대구광역시 수성구 천을로31길 8 ,35.8438888,128.7088726,경로당
수성구지회,시지3차신매보성타운경로당,대구광역시 수성구 달구벌대로651길 23 ,35.8393233,128.7136597,경로당
수성구지회,신매우방타운경로당,대구광역시 수성구 달구벌대로651길 33 ,35.84119517,128.7136671,경로당
수성구지회,매호2차동서타운경로당,대구광역시 수성구 달구벌대로641길 8 ,35.8409358,128.7083061,경로당
수성구지회,시지우방하이츠경로당,대구광역시 수성구 달구벌대로645길 22 ,35.84114462,128.7111051,경로당
수성구지회,시지2차태왕하이츠경로당,대구광역시 수성구 천을로 170 ,35.84297883,128.7088659,경로당
수성구지회,시지1차태왕하이츠경로당,대구광역시 수성구 달구벌대로647길 16 ,35.83994508,128.7116486,경로당
수성구지회,시지태왕리더스경로당,대구광역시 수성구 달구벌대로669길 70 ,35.83819042,128.7211566,경로당
수성구지회,한일유앤아이경로당,대구광역시 수성구 고산로 162 ,35.84488664,128.7070879,경로당
수성구지회,매호화성파크드림경로당,대구광역시 수성구 달구벌대로641길 31 ,35.84285082,128.7076557,경로당
수성구지회,매호효성백년가약경로당,대구광역시 수성구 천을로23길 31 ,35.84623665,128.7055385,경로당
수성구지회,시지푸르지오경로당,대구광역시 수성구 달구벌대로661길 7 ,35.83794513,128.7183647,경로당
수성구지회,신매효성백년가약(청)경로당,대구광역시 수성구 달구벌대로 3233 ,35.83962954,128.7107839,경로당
수성구지회,신매역 우방유쉘경로당,대구광역시 수성구 천을로23길 21 ,35.8459058,128.7044614,경로당
수성구지회,매호청구하이츠빌경로당,대구광역시 수성구 천을로23길 26 ,35.84564132,128.7056778,경로당
수성구지회,시지대성유니드경로당,대구광역시 수성구 달구벌대로669길 80 ,35.83935339,128.7232332,경로당
수성구지회,시지동화아이위시경로당,대구광역시 수성구 달구벌대로669길 20 ,35.83551709,128.7231023,경로당
수성구지회,시지한신휴플러스아파트경로당,대구광역시 수성구 달구벌대로669길 50 ,35.83707603,128.7225856,경로당
수성구지회,아이프라임신매경로당,대구광역시 수성구 달구벌대로649길 14 ,35.83892631,128.7123678,경로당
수성구지회,시지3차서한이다음경로당,대구광역시 수성구 달구벌대로669길 20-20 ,35.83678775,128.7238206,경로당
중구지회,동인1.2가동,대구광역시 중구 국채보상로 679-13 ,35.8697793,128.6049702,경로당
중구지회,동인4가동,대구광역시 중구 국채보상로142길 33-41 ,35.86696072,128.6100679,경로당
중구지회,동인시티타운,대구광역시 중구 국채보상로 131길 55 ,35.87273184,128.6020739,경로당
중구지회,동인3가동,대구광역시 중구 동덕로38길 85 ,35.87110899,128.6092103,경로당
중구지회,동인삼정그린,대구광역시 중구 동덕로30길 53 ,35.86744388,128.6068909,경로당
중구지회,삼덕3가동,대구광역시 중구 달구벌대로443길 44-40 ,35.86459451,128.6060899,경로당
중구지회,삼덕12가동,대구광역시 중구 공평로4길25 ,35.86536995,128.601338,경로당
중구지회,삼덕청아람,대구광역시 중구 달구벌대로 447길 77 ,35.86634457,128.607024,경로당
중구지회,봉산동,대구광역시 중구 봉산문화길1-4 ,35.86052318,128.5982446,경로당
중구지회,라이프태평아파트,대구광역시 중구 태평로 177 ,35.87482293,128.5978979,경로당
중구지회,동성동,대구광역시 중구 교동길 79-6 ,35.87367092,128.5991493,경로당
중구지회,봉산뜨란채,대구광역시 중구 봉산문화길 69 ,35.8628635,128.5967672,경로당
중구지회,남성동,대구광역시 중구 약령길 33-6 ,35.86817627,128.5887386,경로당
중구지회,북성동,대구광역시 중구 서성로14길 51-18 ,35.87313101,128.589553,경로당
중구지회,신성미소시티,대구광역시 중구 달구벌대로 2051 ,35.86682196,128.5882632,경로당
중구지회,달성동,대구광역시 중구 달성공원로 42-3 ,35.87429055,128.5803367,경로당
중구지회,서성동,대구광역시 중구 서성로15길 27-1 ,35.87264042,128.5861018,경로당
중구지회,대구역센트럴자이,대구광역시 중구 서성로 99 ,35.87543791,128.5875308,경로당
중구지회,대신서문,대구광역시 중구 큰장로24안길 31-6 ,35.8662046,128.5788967,경로당
중구지회,일신,대구광역시 중구 국채보상로93길31-1 ,35.87205743,128.580611,경로당
중구지회,태왕아너스스카이,대구광역시 중구 달구벌대로 1975 ,35.86450927,128.5797662,경로당
중구지회,대신자이,대구광역시 중구 달구벌대로 1955 ,35.86387347,128.5777148,경로당
중구지회,이편한세상대신,대구광역시 중구 달구벌대로 1943 ,35.86360229,128.5768269,경로당
중구지회,남산1동,대구광역시 중구 중앙대로62길 30-3 ,35.85981898,128.5939807,경로당
중구지회,효성해링턴플레이스,대구광역시 중구 중앙대로66길 20 ,35.86133789,128.5931751,경로당
중구지회,남산2동,대구광역시 중구 명륜로6길 27-1 ,35.86393573,128.5874693,경로당
중구지회,대남,대구광역시 중구 명륜로6길 5 ,35.86426326,128.5885266,경로당
중구지회,반월당삼정그린코아,대구광역시 중구 중앙대로67길10 ,35.86352041,128.5927691,경로당
중구지회,남산롯데캐슬센트럴스카이,대구광역시 중구 재마루길 77 ,35.86328815,128.5844632,경로당
중구지회,이편한세상남산경로당,대구광역시 중구 달구벌대로 2020 ,35.86527412,128.5849951,경로당
중구지회,반월당역서한포레스트,대구광역시 중구 중앙대로67길 11 ,35.86302296,128.5914021,경로당
중구지회,남산3동,대구광역시 중구 남산로6안길 27-57 ,35.8583636,128.5864612,경로당
중구지회,보성송림,대구광역시 중구 남산로4길 91 ,35.86088649,128.5849546,경로당
중구지회,극동스타클래스,대구광역시 중구 남산로 30,35.85917829,128.5833754,경로당
중구지회,남산4동,대구광역시 중구 남산로3안길 11 ,35.85998137,128.5777211,경로당
중구지회,남산복지관,대구광역시 중구 남산로7길 80 ,35.8603052,128.5792547,경로당
중구지회,까치아파트,대구광역시 중구 남산로7길 80 ,35.8603052,128.5792547,경로당
중구지회,보성황실,대구광역시 중구 남산로13길 17 ,35.86153418,128.5809596,경로당
중구지회,남산그린타운,대구광역시 중구 달구벌대로 1950 ,35.86153139,128.5778327,경로당
중구지회,청라센트럴파크 ,대구광역시 중구 달구벌대로 1970 ,35.86386804,128.580808,경로당
중구지회,남산휴먼시아1단지,대구광역시 중구 달구벌대로 1960 ,35.86222397,128.578582,경로당
중구지회,남산역화성파크드림,대구광역시 중구 남산로7길7 ,35.85864835,128.5823254,경로당
중구지회,남산자이하늘채,대구광역시 중구 명덕로 33 ,35.86047475,128.5751451,경로당
중구지회,청운,대구광역시 중구 동덕로 33 ,35.85708877,128.6039043,경로당
중구지회,대봉1동,대구광역시 중구 달구벌대로 440길 27 ,35.86147217,128.6044089,경로당
중구지회,센트로팰리스,대구광역시 중구 대봉로 260 ,35.86176035,128.6011446,경로당
중구지회,대봉태왕아너스,대구광역시 중구 동덕로 55 ,35.85995031,128.6038974,경로당
중구지회,대봉2동,대구광역시 중구 명륜로 138-9 ,35.85972208,128.5994338,경로당
중구지회,대봉화성파크드림,대구광역시 중구 명덕로55길 25 ,35.85679598,128.5995415,경로당
중구지회,더샵리비테르2차,대구광역시 중구 대봉로43길 22 ,35.85809867,128.5998099,경로당
중구지회,더샵리비테르1차경로당,대구광역시 중구 대봉로43길 21 ,35.85706272,128.6011025,경로당
,가르뱅이공원,,35.88037322,128.5243123,공원
,감삼못공원,,35.85832934,128.5525009,공원
,노변공원,,35.83882281,128.6989461,공원
,대구체육공원,,35.82855958,128.6872384,공원
,두건골공원,,35.85812759,128.6516914,공원
,매호공원,,35.84497151,128.7036788,공원
,무학산공원,,35.83405086,128.6340382,공원
,범물공원,,35.81831439,128.6431569,공원
,범어공원,,35.84731899,128.6329397,공원
,상리공원,,35.86259025,128.5311412,공원
,수성공원,,35.86057091,128.6149079,공원
,신매공원,,35.83235117,128.7090366,공원
,야시골공원,,35.8631838,128.6324647,공원
,의료1공원,,35.83359295,128.6913505,공원
,의료2공원,,35.83614927,128.6805366,공원
,의료공원,,35.83654401,128.6939424,공원
,이현공원,,35.87294292,128.5439635,공원
,지산공원,,35.82109266,128.6377316,공원
,평리공원,,35.87232126,128.5579178,공원
,화랑공원,,35.87104952,128.6396264,공원
중구,2.28기념 중앙공원,대구광역시 중구 공평동 15,35.87030348,128.5979833,공원
중구,건들바위역사공원,대구광역시 중구 대봉동 733-17,35.85707085,128.5982682,공원
중구,경상감영공원,대구광역시 중구 포정동 21,35.87261545,128.5917881,공원
중구,국채보상운동기념공원,대구광역시 중구 동인동2가 42,35.86817932,128.6005707,공원
중구,달성공원,대구광역시 중구 달성동 294-1,35.87358093,128.5791779,공원
중구,수창공원,대구광역시 중구 수창동 174,35.8765564,128.5852814,공원
중구,제2수창공원,대구광역시 중구 수창동 64,35.87575531,128.5832977,공원
,정화여자고등학교,대구광역시 수성구 범어동 산105-1,35.84940778,128.6418878,학교
,대구욱수초등학교,대구광역시 수성구 신매동 602,35.83137706,128.7077006,학교
,대구이현초등학교,대구광역시 서구 평리동 1500,35.87348606,128.5503997,학교
,서대구중학교,대구광역시 서구 평리동 509,35.88031044,128.556626,학교
,대구서부초등학교,대구광역시 서구 비산동 405-1,35.87387969,128.5737138,학교
,대구두산초등학교,대구광역시 수성구 지산동 1043,35.83259729,128.6260889,학교
,대구대성초등학교,대구광역시 서구 비산동 169-1,35.87040591,128.5771526,학교
,소선여자중학교,대구광역시 수성구 만촌동 862-17,35.85294967,128.6497965,학교
,노변중학교,대구광역시 수성구 노변동 735,35.83808624,128.6943549,학교
,대구비산초등학교,대구광역시 서구 평리동 662-1,35.878748,128.5643247,학교
,계성고등학교,대구광역시 서구 상리동 산119,35.87117298,128.5283449,학교
,대구중앙고등학교,대구광역시 수성구 수성동4가 1145-1,35.86646267,128.6172837,학교
,대구중앙중학교,대구광역시 수성구 수성동4가 1145-1,35.86646267,128.6172837,학교
,범물중학교,대구광역시 수성구 범물동 1366,35.81501767,128.6398567,학교
,대구인지초등학교,대구광역시 서구 비산동 1025-10,35.88618347,128.5672852,학교
,대구매동초등학교,대구광역시 수성구 매호동 1010,35.845232,128.709215,학교
,고산중학교,대구광역시 수성구 시지동 62,35.84528337,128.6986708,학교
,대구경동초등학교,대구광역시 수성구 범어동 89,35.85220646,128.639355,학교
,오성고등학교,대구광역시 수성구 만촌동 1070,35.85447266,128.6447837,학교
,대구서도초등학교,대구광역시 서구 평리동 1111-1,35.86727153,128.5653531,학교
,대구신매초등학교,대구광역시 수성구 신매동 583,35.83660884,128.7092663,학교
,대구만촌초등학교,대구광역시 수성구 만촌동 980,35.86668961,128.6479227,학교
,대구비봉초등학교,대구광역시 서구 비산동 705-1,35.88276366,128.5686561,학교
,서대구초등학교,대구광역시 서구 비산동 1484,35.889414,128.5577335,학교
,평리중학교,대구광역시 서구 평리동 1070-7,35.87323246,128.5615509,학교
,대구달성초등학교,대구광역시 서구 원대동1가 12,35.88281808,128.5792104,학교
,정화중학교,대구광역시 수성구 범어동 산105-1,35.84940778,128.6418878,학교
,경일중학교,대구광역시 서구 원대동1가 440,35.88139487,128.5763528,학교
,경운중학교,대구광역시 서구 내당동 352-4,35.85972807,128.553556,학교
,대구고산초등학교,대구광역시 수성구 시지동 161-1,35.84395419,128.693156,학교
,대륜고등학교,대구광역시 수성구 만촌동 산241,35.85168394,128.6567622,학교
,대구삼육초등학교,대구광역시 수성구 중동 410-1,35.83976721,128.610665,학교
,대구매호초등학교,대구광역시 수성구 매호동 611-1,35.84150742,128.7121182,학교
,덕원중학교,대구광역시 수성구 욱수동 81,35.82572222,128.705953,학교
,동문고등학교,대구광역시 수성구 만촌동 82-4,35.87730148,128.6510319,학교
,대구동성초등학교,대구광역시 수성구 수성동1가 282,35.85344552,128.6127108,학교
,대구지산초등학교,대구광역시 수성구 지산동 1149,35.82695925,128.6301684,학교
,수성중학교,대구광역시 수성구 파동 2,35.82587108,128.6072057,학교
,대구청림초등학교,대구광역시 수성구 노변동 367-2,35.83563358,128.7033758,학교
,매호중학교,대구광역시 수성구 매호동 1332,35.84396065,128.7022897,학교
,대륜중학교,대구광역시 수성구 만촌동 산241,35.85168394,128.6567622,학교
,지산중학교,대구광역시 수성구 지산동 1256-1,35.82463972,128.6285993,학교
,대구과학고등학교,대구광역시 수성구 황금동 610-1,35.844679,128.6254904,학교
,수성고등학교,대구광역시 수성구 두산동 산1-1,35.82127653,128.625466,학교
,대구서평초등학교,대구광역시 서구 평리동 574-6,35.878252,128.5479041,학교
,대구혜화여자고등학교,대구광역시 수성구 만촌동 1256-26,35.84985719,128.647666,학교
,시지고등학교,대구광역시 수성구 신매동 602-1,35.830117,128.7074233,학교
,대구동중학교,대구광역시 수성구 수성동2가 119-4,35.85820019,128.6159585,학교
,대구수성초등학교,대구광역시 수성구 상동 89-2,35.83721988,128.6105947,학교
,대구동천초등학교,대구광역시 수성구 범어동 9,35.86584724,128.625264,학교
,대구성동초등학교,대구광역시 수성구 황금동 373,35.84090465,128.6322834,학교
,대구지봉초등학교,대구광역시 수성구 지산동 1296,35.825447,128.6408048,학교
,대평중학교,대구광역시 서구 평리동 730-1,35.88026893,128.5623308,학교
,대구범어초등학교,대구광역시 수성구 범어동 154,35.86056415,128.6334733,학교
,대구평리초등학교,대구광역시 서구 평리동 1070-37,35.87239568,128.5613416,학교
,대구동일초등학교,대구광역시 수성구 수성동2가 17-1,35.85810017,128.6168819,학교
,대구동부중학교,대구광역시 수성구 만촌동 645-1,35.872516,128.6442074,학교
,동도중학교,대구광역시 수성구 범어동 336,35.84943264,128.6396851,학교
,대구사월초등학교,대구광역시 수성구 신매동 57-1,35.83405178,128.7150404,학교
,오성중학교,대구광역시 수성구 만촌동 1070,35.85447266,128.6447837,학교
,대구북비산초등학교,대구광역시 서구 비산동 786-1,35.88154517,128.5645911,학교
,대구동원초등학교,대구광역시 수성구 만촌동 934,35.86486801,128.6398865,학교
,황금중학교,대구광역시 수성구 황금동 821,35.84414275,128.619483,학교
,대구서부고등학교,대구광역시 서구 평리동 1070-48,35.87365309,128.5602007,학교
,대구대청초등학교,대구광역시 수성구 만촌동 873,35.85090611,128.6501674,학교
,대구시지초등학교,대구광역시 수성구 매호동 1332-1,35.84378451,128.703147,학교
,영남공업고등학교,대구광역시 수성구 만촌동 1160-3,35.84842817,128.6469293,학교
,경신고등학교,대구광역시 수성구 범어동 100-5,35.85548176,128.6375875,학교
,경북고등학교,대구광역시 수성구 황금동 9,35.84474469,128.6416344,학교
,대구노변초등학교,대구광역시 수성구 시지동 497,35.83774464,128.6976282,학교
,경신중학교,대구광역시 수성구 범어동 100-5,35.855437,128.6375875,학교
,대구동산초등학교,대구광역시 수성구 범어동 678-3,35.84914164,128.628072,학교
,대구범물초등학교,대구광역시 수성구 범물동 1279-1,35.82148369,128.6448582,학교
,달성고등학교,대구광역시 서구 내당동 467-1,35.85893186,128.5553428,학교
,대구들안길초등학교,대구광역시 수성구 두산동 28-2,35.838897,128.6184098,학교
,범일중학교,대구광역시 수성구 범물동 1279-2,35.821125,128.644716,학교
,대구달서초등학교,대구광역시 서구 중리동 65-2,35.86684409,128.550547,학교
,대구두류초등학교,대구광역시 서구 내당동 211-1,35.86161552,128.559976,학교
,대구과학기술고등학교,대구광역시 서구 내당동 456-1,35.85749282,128.5482964,학교
,경덕여자고등학교,대구광역시 서구 중리동 100-1,35.86357119,128.5489381,학교
,시지중학교,대구광역시 수성구 신매동 583-1,35.83551752,128.708958,학교
,대구중리초등학교,대구광역시 서구 이현동 48-145,35.86971383,128.545439,학교
,대구경운초등학교,대구광역시 서구 내당동 296,35.86088038,128.5527191,학교
,대구내서초등학교,대구광역시 서구 내당동 11-33,35.86381964,128.56676,학교
,대구여자고등학교,대구광역시 수성구 범어동 240-4,35.856509,128.6298641,학교
,대구중앙초등학교,대구광역시 수성구 만촌동 1425,35.87001242,128.640349,학교
,대구범일초등학교,대구광역시 수성구 범물동 1364,35.81631646,128.6388284,학교
,대구복명초등학교,대구광역시 수성구 범물동 1293,35.8176268,128.6472131,학교
,신명여자중학교,대구광역시 수성구 수성동1가 96-16,35.85731247,128.6091788,학교
,대구동문초등학교,대구광역시 수성구 만촌동 262,35.874818,128.6524258,학교
,대구동도초등학교,대구광역시 수성구 범어동 784-2,35.85709448,128.6240176,학교
,덕화중학교,대구광역시 수성구 상동 328-1,35.83275858,128.6150457,학교
,경상여자중학교,대구광역시 서구 비산동 228,35.8706847,128.5738084,학교
,동원중학교,대구광역시 수성구 만촌동 254,35.87585642,128.6510708,학교
,대구남산고등학교,대구광역시 수성구 수성동1가 96-16,35.85731247,128.6091788,학교
,능인중학교,대구광역시 수성구 지산동 800,35.83210847,128.632547,학교
,대구파동초등학교,대구광역시 수성구 파동 8,35.82401679,128.6074144,학교
,능인고등학교,대구광역시 수성구 지산동 800,35.83210847,128.632558,학교
,덕원고등학교,대구광역시 수성구 욱수동 81,35.82572222,128.705953,학교
,서남중학교,대구광역시 서구 중리동 713,35.85695496,128.5425852,학교
,중리중학교,대구광역시 서구 중리동 105-1,35.86471469,128.5514912,학교
,대구제일고등학교,대구광역시 서구 비산동 228,35.8706847,128.5738084,학교
,대구용지초등학교,대구광역시 수성구 지산동 1272,35.82203127,128.6327623,학교
,대구황금초등학교,대구광역시 수성구 황금동 820,35.84422126,128.6183787,학교
,대구농업마이스터고등학교,대구광역시 수성구 노변동 98,35.8357803,128.7007091,학교
,성명여자중학교,대구광역시 중구 동산동 206,35.86838328,128.584035,학교
,경북대학교사범대학부설초등학교,대구광역시 중구 봉산동 162,35.86358373,128.5980664,학교
,계성초등학교,대구광역시 중구 대신동 280-2,35.86566471,128.5811278,학교
,경북대학교사범대학부설중학교,대구광역시 중구 대봉동 60-19,35.8625154,128.6006135,학교
,대구제일중학교,대구광역시 중구 봉산동 230-1,35.86152514,128.5970111,학교
,신명고등학교,대구광역시 중구 동산동 206,35.86838328,128.584035,학교
,경구중학교,대구광역시 중구 남산동 2380-5,35.85851368,128.5835008,학교
,대구동덕초등학교,대구광역시 중구 삼덕동2가 327-1,35.864763,128.604677,학교
,경북대학교사범대학부설고등학교,대구광역시 중구 대봉동 60-19,35.8625154,128.6006135,학교
,대구삼덕초등학교,대구광역시 중구 삼덕동3가 316,35.86355823,128.6078444,학교
,대구남산초등학교,대구광역시 중구 남산동 122,35.86322075,128.5827674,학교
,대구동인초등학교,대구광역시 중구 동인동4가 388,35.86808439,128.6095062,학교
,대구초등학교,대구광역시 중구 봉산동 57,35.86403787,128.5953715,학교
,대구수창초등학교,대구광역시 중구 수창동 73,35.874292,128.5834453,학교
,대구명덕초등학교,대구광역시 중구 남산동 2113,35.85754073,128.5890267,학교
,경북공업고등학교,대구광역시 중구 남산동 2380-5,35.85851368,128.5835008,학교
,대구종로초등학교,대구광역시 중구 서문로1가 1-5,35.87249671,128.5897043,학교
,경북여자고등학교,대구광역시 중구 남산동 714-2,35.85842716,128.5922004,학교
,계성중학교,대구광역시 중구 대신동 277-1,35.8679358,128.5802499,학교
서구,구립 분도어린이집,대구광역시 서구 달구벌대로365길 3,35.86105239,128.5633306,"어린이집,유치원"
서구,구립 아이편한숲어린이집,대구광역시 서구 달구벌대로361길 41,35.86380706,128.5596172,"어린이집,유치원"
서구,유라어린이집,대구광역시 서구 서대구로6길 31-2,35.86145172,128.5609845,"어린이집,유치원"
서구,해오름어린이집,대구광역시 서구 통학로7길 19,35.86326718,128.5622176,"어린이집,유치원"
서구,대구서부경찰서어린이집,대구광역시 서구 통학로 33,35.86330535,128.5639838,"어린이집,유치원"
서구,구립 위즈키즈어린이집,대구광역시 서구 달서로5길 29,35.86429322,128.5684586,"어린이집,유치원"
서구,내당어린이집,대구광역시 서구 달서로5길 11-10,35.8637494,128.5697375,"어린이집,유치원"
서구,다인어린이집,대구광역시 서구 달서로7길 9,35.86490069,128.5700774,"어린이집,유치원"
서구,동아어린이집,대구광역시 서구 큰장로9길 9,35.86523386,128.5720823,"어린이집,유치원"
서구,기쁨어린이집,대구광역시 서구 서대구로5길 63,35.85933382,128.5496131,"어린이집,유치원"
서구,경운어린이집,대구광역시 서구 평리로50길 7,35.86199755,128.550735,"어린이집,유치원"
서구,트리니티어린이집,대구광역시 서구 서대구로3길 69,35.8580776,128.5493848,"어린이집,유치원"
서구,비산어린이집,대구광역시 서구 북비산로59길 15-6,35.88070568,128.5651377,"어린이집,유치원"
서구,늘푸른어린이집,대구광역시 서구 달서로43길 22,35.8819462,128.5696665,"어린이집,유치원"
서구,행복한사과나무어린이집,대구광역시 서구 북비산로65길 47-1,35.88377624,128.5686569,"어린이집,유치원"
서구,초롱어린이집,대구광역시 서구 국채보상로83길 39-7,35.87455808,128.5759287,"어린이집,유치원"
서구,아이성어린이집,대구광역시 서구 국채보상로83길 49,35.87562689,128.576158,"어린이집,유치원"
서구,비산4동어린이집,대구광역시 서구 달서로18길 22,35.87008862,128.5735806,"어린이집,유치원"
서구,꼬마대통령어린이집,대구광역시 서구 달서로17길 17,35.87013401,128.5687137,"어린이집,유치원"
서구,구립 인지어린이집,대구광역시 서구 서대구로68길 12,35.88831854,128.5658225,"어린이집,유치원"
서구,리라어린이집,대구광역시 서구 서대구로68길 58-8,35.88770082,128.5682571,"어린이집,유치원"
서구,푸른연세어린이집,대구광역시 서구 문화로 321-1,35.87607275,128.5678642,"어린이집,유치원"
서구,별하늘어린이집,대구광역시 서구 염색공단로9길 5-8,35.88648805,128.5538215,"어린이집,유치원"
서구,행복이가득한어린이집,대구광역시 서구 달서천로53길 18,35.88562078,128.5621665,"어린이집,유치원"
서구,구립 온누리어린이집,대구광역시 서구 당산로47길 114,35.85680525,128.5408688,"어린이집,유치원"
서구,구립 중리캐슬어린이집,대구광역시 서구 국채보상로34길 12,35.86617466,128.5489561,"어린이집,유치원"
서구,서대구어린이집,대구광역시 서구 평리로35길 10,35.8608515,128.5435807,"어린이집,유치원"
서구,근로복지공단대구어린이집,대구광역시 서구 서대구로17길 28,35.86513481,128.5526156,"어린이집,유치원"
서구,더플로우어린이집,대구광역시 서구 서대구로15길 32-14,35.8641745,128.5526118,"어린이집,유치원"
서구,영재어린이집,대구광역시 서구 평리로 146,35.85842689,128.5404246,"어린이집,유치원"
서구,영재앙팡어린이집,대구광역시 서구 평리로 166,35.85924827,128.5423814,"어린이집,유치원"
서구,캐슬어린이집,대구광역시 서구 국채보상로34길 12,35.86617466,128.5489561,"어린이집,유치원"
서구,튼튼아이어린이집,대구광역시 서구 국채보상로34길 12,35.86617466,128.5489561,"어린이집,유치원"
서구,대구의료원어린이집,대구광역시 서구 평리로33길 13,35.86011389,128.5409366,"어린이집,유치원"
서구,구립 서대구자이어린이집,대구광역시 서구 고성로 33,35.88683794,128.5742172,"어린이집,유치원"
서구,구립 성산어린이집,대구광역시 서구 원대동3가 옥산로6길 9,35.88573442,128.5789094,"어린이집,유치원"
서구,자연아이숲어린이집,대구광역시 서구 달서로56길 20,35.88565576,128.5768024,"어린이집,유치원"
서구,구립 궁전어린이집,대구광역시 서구 국채보상로61길 24,35.87425987,128.5645531,"어린이집,유치원"
서구,구립 윤성어린이집,대구광역시 서구 국채보상로60길 14,35.87056632,128.5638258,"어린이집,유치원"
서구,들마을어린이집,대구광역시 서구 국채보상로60길 48-1,35.86747899,128.5642815,"어린이집,유치원"
서구,사랑송송어린이집,대구광역시 서구 국채보상로 316,35.87138966,128.564946,"어린이집,유치원"
서구,구립 반도유보라어린이집,대구광역시 서구 문화로 230,35.87509396,128.556472,"어린이집,유치원"
서구,꿈동산어린이집,대구광역시 서구 통학로31길 10,35.87382215,128.5619151,"어린이집,유치원"
서구,민들레어린이집,대구광역시 서구 서대구로42길 15,35.87712164,128.5566614,"어린이집,유치원"
서구,창의나라어린이집,대구광역시 서구 문화로51길 9,35.87665799,128.5606065,"어린이집,유치원"
서구,구립 아이꿈어린이집,대구광역시 서구 평리로55길 24,35.86577252,128.55376,"어린이집,유치원"
서구,글나라어린이집,대구광역시 서구 국채보상로46길 31-27,35.86802315,128.5576265,"어린이집,유치원"
서구,라온어린이집,대구광역시 서구 국채보상로46길 49-11,35.86637731,128.5570922,"어린이집,유치원"
서구,라임나무어린이집,대구광역시 서구 통학로23길 10-1,35.87094559,128.561758,"어린이집,유치원"
서구,애림어린이집-영아,대구광역시 서구 국채보상로46길 37-11,35.8674722,128.5573136,"어린이집,유치원"
서구,푸르지오2어린이집,대구광역시 서구 국채보상로50길 20,35.86981651,128.5595595,"어린이집,유치원"
서구,푸르지오어린이집,대구광역시 서구 국채보상로50길 20,35.86981651,128.5595595,"어린이집,유치원"
서구,세인어린이집,대구광역시 서구 국채보상로50길 20,35.86981651,128.5595595,"어린이집,유치원"
서구,이레어린이집,대구광역시 서구 국채보상로50길 20,35.86981651,128.5595595,"어린이집,유치원"
서구,구립 서한이다음어린이집,대구광역시 서구 국채보상로37길 38,35.87235281,128.5518093,"어린이집,유치원"
서구,구립 화성파크드림어린이집,대구광역시 서구 서대구로29길 30,35.8705547,128.5472175,"어린이집,유치원"
서구,구립 영무예다음어린이집,대구광역시 서구 당산로 446,35.87467142,128.5471971,"어린이집,유치원"
서구,신애어린이집,대구광역시 서구 북비산로33길 9-2,35.88011448,128.5514461,"어린이집,유치원"
수성구,국공립열린어린이집,대구광역시 수성구 고산로4길 80,35.83072191,128.7057517,"어린이집,유치원"
수성구,국공립웰리치어린이집,대구광역시 수성구 욱수천로 55,35.83265914,128.7101694,"어린이집,유치원"
수성구,국공립포레스트어린이집,대구광역시 수성구 욱수천로2길 22,35.83158596,128.711669,"어린이집,유치원"
수성구,동산어린이집,대구광역시 수성구 달구벌대로652길 65-6,35.83221687,128.7102061,"어린이집,유치원"
수성구,전원어린이집,대구광역시 수성구 유니버시아드로68길 16,35.8278926,128.7066151,"어린이집,유치원"
수성구,피터팬어린이집,대구광역시 수성구 달구벌대로650길 37-4,35.83518575,128.7102122,"어린이집,유치원"
수성구,다사랑어린이집,대구광역시 수성구 신매로 91,35.83750996,128.7081881,"어린이집,유치원"
수성구,고산하나어린이집,대구광역시 수성구  시지로 11,35.84194539,128.6926723,"어린이집,유치원"
수성구,국공립메르디앙어린이집,대구광역시 수성구 노변로 55,35.83726595,128.6996584,"어린이집,유치원"
수성구,국공립수성알파시티어린이집,대구광역시 수성구 알파시티2로 48,35.83797535,128.6930397,"어린이집,유치원"
수성구,국공립아이숲어린이집,대구광역시 수성구 노변공원로 34,35.83931061,128.697206,"어린이집,유치원"
수성구,국공립알파시티청아람어린이집,대구광역시 수성구 알파시티2로 96,35.83511446,128.6968073,"어린이집,유치원"
수성구,국공립예은어린이집,대구광역시 수성구 천을로 34-9,35.84469646,128.6949469,"어린이집,유치원"
수성구,국공립월드키즈어린이집,대구광역시 수성구 천을로 70,35.84453715,128.6981587,"어린이집,유치원"
수성구,사회복지법인 녹원어린이집,대구광역시 수성구 천을로8길 17,35.84427154,128.6967582,"어린이집,유치원"
수성구,사회복지법인고운어린이집,대구광역시 수성구 노변공원로7길 6-24,35.83554931,128.6983016,"어린이집,유치원"
수성구,사회복지법인나르샤어린이집,대구광역시 수성구 달구벌대로569길 22,35.84748188,128.6729964,"어린이집,유치원"
수성구,선화어린이집,대구광역시 수성구 노변공원로 49-1,35.83776882,128.698576,"어린이집,유치원"
수성구,노변동화어린이집,대구광역시 수성구 시지로 55,35.83950871,128.695168,"어린이집,유치원"
수성구,씩씩한어린이집,대구광역시 수성구 천을로 61-7,35.84561803,128.6974274,"어린이집,유치원"
수성구,알파시티 공동직장 도담어린이집,대구광역시 수성구 유니버시아드로 119,35.83407042,128.6844224,"어린이집,유치원"
수성구,국공립대왕어린이집,대구광역시 수성구 달구벌대로669길 70,35.83819042,128.7211566,"어린이집,유치원"
수성구,국공립사월보성어린이집,대구광역시 수성구 욱수천로 133,35.83938876,128.7158123,"어린이집,유치원"
수성구,국공립시지3차서한이다음어린이집,대구광역시 수성구 달구벌대로669길 20-20,35.83678775,128.7238206,"어린이집,유치원"
수성구,국공립아이위시어린이집,대구광역시 수성구 달구벌대로669길 20,35.83551709,128.7231023,"어린이집,유치원"
수성구,국공립한신킨더리베어린이집,대구광역시 수성구 달구벌대로669길 50,35.83707603,128.7225856,"어린이집,유치원"
수성구,사회복지법인시지어린이집,대구광역시 수성구 고산로 160-15,35.84478022,128.7077207,"어린이집,유치원"
수성구,사회복지법인향뜰어린이집,대구광역시 수성구 천을로 125,35.84416134,128.7042812,"어린이집,유치원"
수성구,이안숲어린이집,대구광역시 수성구 달구벌대로659길 2-8,35.83696188,128.7178516,"어린이집,유치원"
수성구,동서어린이집,대구광역시 수성구 천을로 180,35.84268095,128.709674,"어린이집,유치원"
수성구,시지하나어린이집,대구광역시 수성구 고산로 123,35.8418963,128.7046014,"어린이집,유치원"
수성구,리틀태왕어린이집,대구광역시 수성구 달구벌대로669길 70,35.83819042,128.7211566,"어린이집,유치원"
수성구,초록색연필어린이집,대구광역시 수성구 달구벌대로645길 15,35.84080348,128.7099346,"어린이집,유치원"
수성구,효원어린이집,대구광역시 수성구 욱수천로 133,35.83938876,128.7158123,"어린이집,유치원"
수성구,국공립두산어린이집,대구광역시 수성구 들안로16길 45,35.8383176,128.6175795,"어린이집,유치원"
수성구,국공립수성레이크푸르지오어린이집,대구광역시 수성구 청수로24길 91,35.83560429,128.6213338,"어린이집,유치원"
수성구,국공립하늘어린이집,대구광역시 수성구 무학로21안길 8-24,35.83183815,128.6203267,"어린이집,유치원"
수성구,모란어린이집,대구광역시 수성구 지산로3길 115,35.82496966,128.626267,"어린이집,유치원"
수성구,사회복지법인 꿈나무 어린이집,대구광역시 수성구 들안로2안길 27-15,35.83265436,128.6192732,"어린이집,유치원"
수성구,화니어린이집,대구광역시 수성구 동대구로7길 14-14,35.83425519,128.6228122,"어린이집,유치원"
수성구,이레어린이집,대구광역시 수성구 동대구로7길 34-13,35.83430817,128.6212843,"어린이집,유치원"
수성구,국공립돌체어린이집,대구광역시 수성구 동원로 135,35.87076371,128.6346705,"어린이집,유치원"
수성구,국공립로떼어린이집,대구광역시 수성구 동원로 123,35.86871718,128.6347302,"어린이집,유치원"
수성구,국공립마더베어어린이집,대구광역시 수성구 무열로39길 35-1,35.87305118,128.6461946,"어린이집,유치원"
수성구,국공립만촌보성어린이집,대구광역시 수성구 공경로 70,35.87443411,128.6428255,"어린이집,유치원"
수성구,보명어린이집,대구광역시 수성구 무열로39길 16-14,35.87428649,128.6451744,"어린이집,유치원"
수성구,리틀아일랜드어린이집,대구광역시 수성구 동원로 100,35.86840848,128.6386986,"어린이집,유치원"
수성구,메트로팔레스어린이집,대구광역시 수성구 동원로 110,35.86895374,128.6381382,"어린이집,유치원"
수성구,수성애플트리어린이집,대구광역시 수성구 화랑로2길 122,35.8675826,128.6371426,"어린이집,유치원"
수성구,무열대어린이집,대구광역시 수성구 국채보상로 1019,35.86621023,128.6418996,"어린이집,유치원"
수성구,국공립별나라어린이집,대구광역시 수성구 국채보상로216길 105,35.86432804,128.6483163,"어린이집,유치원"
수성구,만촌어린이집,대구광역시 수성구 만촌로14길 11-2,35.86591552,128.6440419,"어린이집,유치원"
수성구,다인어린이집,대구광역시 수성구 충의로 62,35.86669791,128.6450291,"어린이집,유치원"
수성구,별그린어린이집,대구광역시 수성구 세진로 75,35.86376271,128.6434361,"어린이집,유치원"
수성구,국공립만촌3차파크드림어린이집,대구광역시 수성구 교학로 13,35.85384968,128.6529446,"어린이집,유치원"
수성구,국공립만촌삼정에듀파크어린이집,대구광역시 수성구 교학로 65,35.84769788,128.6527594,"어린이집,유치원"
수성구,국공립만촌자이르네어린이집,대구광역시 수성구 교학로19길 19,35.84906119,128.6492666,"어린이집,유치원"
수성구,뉴대구어린이집,대구광역시 수성구 교학로 54-1,35.85033779,128.6516271,"어린이집,유치원"
수성구,수성대학교부설 리오바어린이집,대구광역시 수성구 달구벌대로528길 15,35.85525271,128.6496112,"어린이집,유치원"
수성구,예알어린이집,대구광역시 수성구 청호로94길 57,35.85704717,128.6467643,"어린이집,유치원"
수성구,국공립월드어린이집,대구광역시 수성구 범안로 79,35.81981274,128.6465456,"어린이집,유치원"
수성구,사랑어린이집,대구광역시 수성구 용학로 336,35.82488337,128.6440554,"어린이집,유치원"
수성구,예현어린이집,대구광역시 수성구 용학로 316,35.82239201,128.6424391,"어린이집,유치원"
수성구,국공립수성하늘채르레브어린이집,대구광역시 수성구 지범로48길 21,35.81505916,128.6442528,"어린이집,유치원"
수성구,국공립피노키오어린이집,대구광역시 수성구 지범로46길 33-4,35.81497307,128.6430175,"어린이집,유치원"
수성구,아이꿈어린이집,대구광역시 수성구 용학로 272,35.82017384,128.6375301,"어린이집,유치원"
수성구,국공립범어에일린의뜰어린이집,대구광역시 수성구 청솔로14길 15,35.85160139,128.6223071,"어린이집,유치원"
수성구,국공립수성범어W어린이집,대구광역시 수성구 달구벌대로 2436,35.85768783,128.6268209,"어린이집,유치원"
수성구,범어어린이집,대구광역시 수성구 범어천로 97,35.85554329,128.6220484,"어린이집,유치원"
수성구,국공립범어숲어린이집,대구광역시 수성구 동대구로 376,35.86417139,128.6277045,"어린이집,유치원"
수성구,국공립키즈하버드어린이집,대구광역시 수성구 세진로3길 41-4,35.86373073,128.6378801,"어린이집,유치원"
수성구,계성어린이집,대구광역시 수성구 범어로 157,35.86343592,128.635245,"어린이집,유치원"
수성구,미소어린이집,대구광역시 수성구 범어로32길 26,35.86478054,128.6366129,"어린이집,유치원"
수성구,대구검찰어린이집,대구광역시 수성구 국채보상로186길 111,35.86342863,128.6343281,"어린이집,유치원"
수성구,대구법원어린이집,대구광역시 수성구 세진로 26,35.86167628,128.6385654,"어린이집,유치원"
수성구,수성구청직장어린이집,대구광역시 수성구 달구벌대로495길 26-13,35.85993252,128.6347245,"어린이집,유치원"
수성구,국공립범어센트럴푸르지오어린이집,대구광역시 수성구 상록로 15,35.86069813,128.6236729,"어린이집,유치원"
수성구,국공립월드숲어린이집,대구광역시 수성구 범어천로 200,35.86412366,128.6198201,"어린이집,유치원"
수성구,청운어린이집,대구광역시 수성구 들안로 396-22,35.86596748,128.6190845,"어린이집,유치원"
수성구,다빈치어린이집,대구광역시 수성구 상록로 53,35.86410762,128.623627,"어린이집,유치원"
수성구,범어e편한어린이집,대구광역시 수성구 들안로78길 45,35.86575901,128.621432,"어린이집,유치원"
수성구,킨더리베어린이집,대구광역시 수성구 동대구로77길 34-27,35.86582957,128.6244635,"어린이집,유치원"
수성구,국공립힐스테이트범어어린이집,대구광역시 수성구 범어로18길 22,35.85628391,128.636516,"어린이집,유치원"
수성구,덕일어린이집,대구광역시 수성구 청호로92길 26,35.85539764,128.6432673,"어린이집,유치원"
수성구,청수어린이집,대구광역시 수성구 달구벌대로504길 20,35.85687122,128.6380218,"어린이집,유치원"
수성구,국공립상화어린이집,대구광역시 수성구 수성로 71,35.83266053,128.6109721,"어린이집,유치원"
수성구,사회복지법인 상동어린이집,대구광역시 수성구 수성로32길 139,35.83524232,128.6126298,"어린이집,유치원"
수성구,다온어린이집,대구광역시 수성구 수성로14길 21,35.83225722,128.612356,"어린이집,유치원"
수성구,정화우방어린이집,대구광역시 수성구 수성로 135,35.83837138,128.6112638,"어린이집,유치원"
수성구,국공립장미어린이집,대구광역시 수성구 수성동1가 수성로57길 62,35.85174031,128.6098392,"어린이집,유치원"
수성구,수성어린이집,대구광역시 수성구 명덕로76길 80-1,35.8510345,128.6112144,"어린이집,유치원"
수성구,금강어린이집,대구광역시 수성구 수성로75길 24,35.85730161,128.612531,"어린이집,유치원"
수성구,더퍼스트어린이집,대구광역시 수성구 수성동1가 수성로69길 41,35.85535849,128.6109113,"어린이집,유치원"
수성구,캐슬아이어린이집,대구광역시 수성구 수성동1가 수성로69길 65,35.85604568,128.6095178,"어린이집,유치원"
수성구,국공립밤비니어린이집,대구광역시 수성구 수성동3가 들안로64길 61,35.85875715,128.6211159,"어린이집,유치원"
수성구,국공립캐슬수성어린이집,대구광역시 수성구 명덕로 455,35.85439045,128.6190948,"어린이집,유치원"
수성구,은초롱어린이집,대구광역시 수성구 수성로74길 33,35.85690257,128.6156737,"어린이집,유치원"
수성구,국공립수성보성어린이집,대구광역시 수성구 수성로 412,35.86347242,128.6150627,"어린이집,유치원"
수성구,다예누리어린이집,대구광역시 수성구 수성동4가 들안로 360,35.86282387,128.619573,"어린이집,유치원"
수성구,이편한어린이집,대구광역시 수성구 수성동4가 들안로73길 50-7,35.86411917,128.6137167,"어린이집,유치원"
수성구,행복한영희어린이집,대구광역시 수성구 수성로 412,35.86347242,128.6150627,"어린이집,유치원"
수성구,DGB아이꿈터어린이집,대구광역시 수성구 달구벌대로 2271-5,35.86095795,128.6108994,"어린이집,유치원"
수성구,국공립꼬마숲어린이집,대구광역시 수성구 들안로29길 42,35.84359939,128.6141964,"어린이집,유치원"
수성구,국공립수성골드클래스더센텀어린이집,대구광역시 수성구 수성로 185,35.84290651,128.6111345,"어린이집,유치원"
수성구,국공립수성푸르지오리버센트어린이집,대구광역시 수성구 수성로35길 50,35.84212001,128.6101236,"어린이집,유치원"
수성구,국공립수성효성해링턴어린이집,대구광역시 수성구 희망로24길 24,35.84569581,128.6097566,"어린이집,유치원"
수성구,윤정어린이집,대구광역시 수성구 희망로 93,35.84758184,128.6088567,"어린이집,유치원"
수성구,중동어린이집,대구광역시 수성구 희망로 121,35.84742727,128.6123154,"어린이집,유치원"
수성구,온유어린이집,대구광역시 수성구 수성로39안길 13,35.84418002,128.6112161,"어린이집,유치원"
수성구,지산보리어린이집,대구광역시 수성구 용학로 325,35.82407838,128.6424543,"어린이집,유치원"
수성구,지산어린이집,대구광역시 수성구 지산로14길 29,35.82703304,128.6356481,"어린이집,유치원"
수성구,개나리어린이집,대구광역시 수성구 무학로37안길 20-5,35.83323347,128.6282,"어린이집,유치원"
수성구,줄리어드어린이집,대구광역시 수성구 동대구로14길 90,35.83665603,128.6290537,"어린이집,유치원"
수성구,대구경찰어린이집,대구광역시 수성구 무학로 237,35.82875868,128.6346949,"어린이집,유치원"
수성구,국공립색동어린이집,대구광역시 수성구 용학로44길 34,35.81998143,128.6337787,"어린이집,유치원"
수성구,국공립수성라크에르어린이집,대구광역시 수성구 지산로3길 33,35.82274532,128.6292455,"어린이집,유치원"
수성구,사회복지법인해달별어린이집,대구광역시 수성구 용학로46길 22,35.81966469,128.6336364,"어린이집,유치원"
수성구,한국예술어린이집,대구광역시 수성구 용학로34길 8,35.82206933,128.6271095,"어린이집,유치원"
수성구,지산에덴어린이집,대구광역시 수성구 용학로 223,35.82114159,128.6334773,"어린이집,유치원"
수성구,국공립수성더팰리스1차어린이집,대구광역시 수성구 파동로 190,35.82014585,128.6127181,"어린이집,유치원"
수성구,국공립수성더팰리스2차어린이집,대구광역시 수성구 파동로 188,35.81942619,128.6130727,"어린이집,유치원"
수성구,국공립수성해모로어린이집,대구광역시 수성구 파동로 47,35.80705891,128.6214526,"어린이집,유치원"
수성구,수성아이파크어린이집,대구광역시 수성구 파동로22길 15,35.81327308,128.6179571,"어린이집,유치원"
수성구,별하나어린이집,대구광역시 수성구 파동로51길 64,35.82327945,128.6086938,"어린이집,유치원"
수성구,키즈브라운어린이집,대구광역시 수성구 파동로38길 45-3,35.81887606,128.6146417,"어린이집,유치원"
수성구,하늘채어린이집,대구광역시 수성구 파동로 222,35.82255508,128.6117226,"어린이집,유치원"
수성구,글로벌아이어린이집,대구광역시 수성구 파동로18안길 24,35.81235962,128.619255,"어린이집,유치원"
수성구,국공립물망이어린이집,대구광역시 수성구 청수로 213,35.83951263,128.6295145,"어린이집,유치원"
수성구,국공립아이맘어린이집,대구광역시 수성구 청수로 214,35.83971745,128.6337221,"어린이집,유치원"
수성구,국공립캐슬꿈밭어린이집,대구광역시 수성구 청수로 257,35.84133833,128.6347712,"어린이집,유치원"
수성구,국공립캐슬우주어린이집,대구광역시 수성구 청수로 261,35.84183557,128.6365334,"어린이집,유치원"
수성구,국공립힐스테이트어린이집,대구광역시 수성구 청수로 274,35.83976809,128.6375507,"어린이집,유치원"
수성구,삼덕어린이집,대구광역시 수성구 청호로46길 5-2,35.83869718,128.6408908,"어린이집,유치원"
수성구,코코어린이집,대구광역시 수성구 청수로 214,35.83971745,128.6337221,"어린이집,유치원"
수성구,국공립해맑은어린이집,대구광역시 수성구 들안로32길 17,35.84454926,128.6178739,"어린이집,유치원"
수성구,국공립힐스테이트엘포레어린이집,대구광역시 수성구 청솔로 16,35.84827312,128.6207443,"어린이집,유치원"
수성구,꼬꼬마어린이집,대구광역시 수성구 희망로 176-2,35.84637132,128.6179057,"어린이집,유치원"
수성구,아이뜰어린이집,대구광역시 수성구 희망로36길 122-23,35.84485521,128.621723,"어린이집,유치원"
중구,제일풍경채어린이집,대구광역시 중구 달성로26길 70,35.87478088,128.5866596,"어린이집,유치원"
중구,효성해링턴어린이집,대구광역시 중구 중앙대로66길 20,35.86133789,128.5931751,"어린이집,유치원"
중구,남산롯데센트럴어린이집,대구광역시 중구 재마루길 77,35.86328815,128.5844632,"어린이집,유치원"
중구,남산이편한어린이집,대구광역시 중구 달구벌대로 2020,35.86527412,128.5849951,"어린이집,유치원"
중구,남산교회어린이집,대구광역시 중구 관덕정길 16,35.86500267,128.5906051,"어린이집,유치원"
중구,대구삼성어린이집,대구광역시 중구 달구벌대로 2016-40,35.86448438,128.584277,"어린이집,유치원"
중구,리틀포레스트어린이집,대구광역시 중구 중앙대로67길 11,35.86302296,128.5914021,"어린이집,유치원"
중구,백합어린이집,대구광역시 중구 남산로4길 111,35.86230623,128.5858412,"어린이집,유치원"
중구,스타클래스어린이집,대구광역시 중구 남산로 30,35.85917829,128.5833754,"어린이집,유치원"
중구,그린숲어린이집,대구광역시 중구 달구벌대로 1950,35.86153139,128.5778327,"어린이집,유치원"
중구,꿈나무어린이집,대구광역시 중구 남산로7길 35,35.85856748,128.5808319,"어린이집,유치원"
중구,남산자이하늘채어린이집,대구광역시 중구 명덕로 33,35.86047475,128.5751451,"어린이집,유치원"
중구,남산화성어린이집,대구광역시 중구 남산로7길 7,35.85864835,128.5823254,"어린이집,유치원"
중구,동그라미어린이집,대구광역시 중구 달구벌대로 1960,35.86222397,128.578582,"어린이집,유치원"
중구,청라힐스자이어린이집,대구광역시 중구 남산로 73,35.86282667,128.5820782,"어린이집,유치원"
중구,아이비어린이집,대구광역시 중구 남산로3안길 20,35.86040792,128.5774519,"어린이집,유치원"
중구,황실친환경어린이집,대구광역시 중구 남산로13길 17,35.86153418,128.5809596,"어린이집,유치원"
중구,센트로팰리스어린이집,대구광역시 중구 대봉로 260,35.86176035,128.6011446,"어린이집,유치원"
중구,태왕아름별어린이집,대구광역시 중구 동덕로 55,35.85995031,128.6038974,"어린이집,유치원"
중구,창의나라어린이집,대구광역시 중구 대봉로 228-9,35.85910611,128.6017515,"어린이집,유치원"
중구,대봉더샵가온어린이집,대구광역시 중구 대봉로43길 21,35.85706272,128.6011025,"어린이집,유치원"
중구,대봉리비테르어린이집,대구광역시 중구 대봉로43길 22,35.85809867,128.5998099,"어린이집,유치원"
중구,대신e편한어린이집,대구광역시 중구 달구벌대로 1943,35.86360229,128.5768269,"어린이집,유치원"
중구,밤비니어린이집,대구광역시 중구 달구벌대로 1955,35.86387347,128.5777148,"어린이집,유치원"
중구,태왕아이사랑어린이집,대구광역시 중구 달구벌대로 1975,35.86450927,128.5797662,"어린이집,유치원"
중구,센트럴동인어린이집,대구광역시 중구 국채보상로139길 40,35.87092863,128.608016,"어린이집,유치원"
중구,경북대학교병원어린이집,대구광역시 중구 국채보상로140길 24-7,35.86767851,128.6058431,"어린이집,유치원"
중구,대구광역시청어린이집,대구광역시 중구 동덕로 182,35.87082253,128.6046096,"어린이집,유치원"
중구,삼덕청아람어린이집,대구광역시 중구 삼덕동3가 달구벌대로447길 77,35.86634457,128.607024,"어린이집,유치원"
중구,힐스테이트어린이집,대구광역시 중구 태평로28길 13,35.87465527,128.5933557,"어린이집,유치원"
중구,청라포레스트어린이집,대구광역시 중구 달구벌대로 2021,35.86605336,128.5849774,"어린이집,유치원"
중구,달성파크어린이집,대구광역시 중구 달성로 123,35.87755091,128.5803065,"어린이집,유치원"
중구,도원센트럴어린이집,대구광역시 중구 태평로 50,35.87628868,128.5832669,"어린이집,유치원"
중구,센트럴자이어린이집,대구광역시 중구 서성로 99,35.87543791,128.5875308,"어린이집,유치원"
,YMCA유치원,대구광역시 중구 중앙대로 375,35.86665222,128.5931574,"어린이집,유치원"
,개나리유치원,대구광역시 수성구 무학로37안길 20-5,35.83323347,128.6282,"어린이집,유치원"
,계성유치원,대구광역시 중구 달성로 15,35.86608064,128.5815744,"어린이집,유치원"
,고운유치원,대구광역시 수성구 노변공원로 75-7,35.83600318,128.6983189,"어린이집,유치원"
,금강숲유치원,대구광역시 수성구 동대구로50길 108,35.84960423,128.6285313,"어린이집,유치원"
,대구동덕초등학교병설유치원,대구광역시 중구 동덕로26길 20,35.86473521,128.60447,"어린이집,유치원"
,대구동도초등학교병설유치원,대구광역시 수성구 동대구로57길 8,35.85677218,128.6235287,"어린이집,유치원"
,대구동문초등학교병설유치원,대구광역시 수성구 효행로2길 111,35.87484672,128.6524094,"어린이집,유치원"
,대구동원초등학교병설유치원,대구광역시 수성구 국채보상로 1000,35.86517088,128.6401005,"어린이집,유치원"
,대구동인초등학교병설유치원,대구광역시 중구 국채보상로 728,35.86765275,128.6107836,"어린이집,유치원"
,대구동천초등학교병설유치원,대구광역시 수성구 상록로16길 20,35.86610257,128.6247255,"어린이집,유치원"
,대구두산초등학교병설유치원,대구광역시 수성구 동대구로6길 31,35.83259696,128.6260899,"어린이집,유치원"
,대구범어초등학교병설유치원,대구광역시 수성구 달구벌대로489길 55,35.86067329,128.6329506,"어린이집,유치원"
,대구복명초등학교병설유치원,대구광역시 수성구 범안로20길 8,35.81762906,128.6473051,"어린이집,유치원"
,대구삼덕초등학교병설유치원,대구광역시 중구 달구벌대로447길 10,35.8634476,128.6087957,"어린이집,유치원"
,대구수창초등학교병설유치원,대구광역시 중구 달성로22길 30,35.87404222,128.5841563,"어린이집,유치원"
,대구종로초등학교병설유치원,대구광역시 중구 경상감영길 49,35.8724613,128.5894291,"어린이집,유치원"
,대구중앙초등학교병설유치원,대구광역시 수성구 만촌로 125,35.87026057,128.6403376,"어린이집,유치원"
,대구초등학교병설유치원,대구광역시 중구 명륜로23길 80,35.8639941,128.5950533,"어린이집,유치원"
,대구황금유치원,대구광역시 수성구 청호로 286,35.84303569,128.6396862,"어린이집,유치원"
,동신유치원,대구광역시 수성구 교학로4길 39,35.85502946,128.6502853,"어린이집,유치원"
,동영유치원,대구광역시 수성구 파동로51길 80,35.82235045,128.6088208,"어린이집,유치원"
,라온유치원,대구광역시 수성구 청수로45길 32,35.8419905,128.6330041,"어린이집,유치원"
,리리유치원,대구광역시 수성구 신천동로34길 19,35.84060898,128.6089299,"어린이집,유치원"
,마리아유치원,대구광역시 수성구 범어천로 90,35.85647818,128.6229833,"어린이집,유치원"
,만촌아이숲유치원,대구광역시 수성구 달구벌대로522길 166,35.85134203,128.6441517,"어린이집,유치원"
,무열대유치원,대구광역시 수성구 만촌동 599-1,35.86356,128.6512,"어린이집,유치원"
,무지개유치원,대구광역시 수성구 용학로 197,35.82195943,128.6305174,"어린이집,유치원"
,범어유치원,대구광역시 수성구 국채보상로186길 121,35.86301165,128.634393,"어린이집,유치원"
,보나유치원,대구광역시 중구 남산로7길 86,35.86045089,128.5792197,"어린이집,유치원"
,보노유치원,대구광역시 수성구 국채보상로 955-2,35.86791677,128.6353087,"어린이집,유치원"
,비안네유치원,대구광역시 수성구 달구벌대로650길 81,35.83109901,128.7090865,"어린이집,유치원"
,사랑숲유치원,대구광역시 수성구 용학로 272,35.82017384,128.6375301,"어린이집,유치원"
,삼덕유치원,대구광역시 수성구 지범로48길 27,35.81444482,128.6437781,"어린이집,유치원"
,색동유치원,대구광역시 수성구 충의로8길 33,35.8671687,128.6464918,"어린이집,유치원"
,성모유치원,대구광역시 중구 남산로4길 90,35.86091527,128.5858088,"어린이집,유치원"
,수성무지개유치원,대구광역시 수성구 천을로 16,35.84444454,128.6927037,"어린이집,유치원"
,수성유치원,대구광역시 수성구 신천동로96길 45,35.86475047,128.6161406,"어린이집,유치원"
,수정유치원,대구광역시 수성구 달구벌대로650길 21,35.83645022,128.7102689,"어린이집,유치원"
,스톤릿지유치원,대구광역시 수성구 신매로 51,35.83547758,128.7063385,"어린이집,유치원"
,시지아이숲유치원,대구광역시 수성구 달구벌대로625길 25,35.84429003,128.6993872,"어린이집,유치원"
,신세계유치원,대구광역시 수성구 신천동로62길 17,35.85253705,128.6099922,"어린이집,유치원"
,아이온유치원,대구광역시 수성구 지범로31안길 5,35.8244906,128.6406283,"어린이집,유치원"
,아일랜드유치원,대구광역시 수성구 국채보상로 990-10,35.8653917,128.6383105,"어린이집,유치원"
,예나유치원,대구광역시 수성구 욱수천로 133,35.83938876,128.7158123,"어린이집,유치원"
,원만사유치원,대구광역시 중구 달구벌대로 2013,35.86583806,128.583875,"어린이집,유치원"
,이바유치원,대구광역시 수성구 파동로30길 61,35.82153358,128.6155286,"어린이집,유치원"
,자연누리유치원,대구광역시 수성구 노변로 100,35.83966731,128.7007237,"어린이집,유치원"
,자연아이유치원,대구광역시 수성구 동원로12길 12,35.86367668,128.6402519,"어린이집,유치원"
,중앙유치원,대구광역시 중구 명륜로23길 58-5,35.86274566,128.5957429,"어린이집,유치원"
,천사유치원,대구광역시 수성구 신매로 91,35.83750996,128.7081881,"어린이집,유치원"
,코오롱아인슈타인유치원,대구광역시 수성구 수성로 412,35.86347242,128.6150627,"어린이집,유치원"
,프랜즈유치원,대구광역시 수성구 국채보상로200길 9,35.86536743,128.6404427,"어린이집,유치원"
,하늘빛유치원,대구광역시 수성구 지범로40길 11,35.81837657,128.6412505,"어린이집,유치원"
,하늘유치원,대구광역시 수성구 노변공원로3길 10,35.84033422,128.699917,"어린이집,유치원"
,한국예술유치원,대구광역시 수성구 용학로34길 8,35.82206933,128.6271095,"어린이집,유치원"
,해맑은몬테소리유치원,대구광역시 수성구 들안로32길 19,35.84454022,128.6180235,"어린이집,유치원"
,달서유치원,대구광역시 서구 국채보상로 342,35.87155131,128.5681424,"어린이집,유치원"
,대구내서초등학교병설유치원,대구광역시 서구 달구벌대로371길 35,35.86401323,128.5669724,"어린이집,유치원"
,대구달서초등학교병설유치원,대구광역시 서구 국채보상로34길 35,35.86652247,128.5510193,"어린이집,유치원"
,대구달성초등학교병설유치원,대구광역시 서구 고성로 127,35.88279548,128.5796257,"어린이집,유치원"
,대구대성초등학교병설유치원,대구광역시 서구 국채보상로 426,35.87042463,128.5771437,"어린이집,유치원"
,대구북비산초등학교병설유치원,대구광역시 서구 통학로48길 7,35.88153826,128.5643754,"어린이집,유치원"
,대구서부초등학교병설유치원,대구광역시 서구 달서로26길 25,35.87334532,128.573443,"어린이집,유치원"
,대구서평초등학교병설유치원,대구광역시 서구 서대구로45길 60,35.87832883,128.5475425,"어린이집,유치원"
,대구이현초등학교병설유치원,대구광역시 서구 국채보상로37길 35,35.87350487,128.5502813,"어린이집,유치원"
,대구인지유치원,대구광역시 서구 서대구로66길 22,35.88686148,128.5672977,"어린이집,유치원"
,대구중리초등학교병설유치원,대구광역시 서구 국채보상로 135,35.86936666,128.5446373,"어린이집,유치원"
,대구평리초등학교병설유치원,대구광역시 서구 국채보상로53길 6-5,35.87240084,128.5607119,"어린이집,유치원"
,동양유치원,대구광역시 서구 평리로78길 8-12,35.86549017,128.5651265,"어린이집,유치원"
,상지유치원,대구광역시 서구 달서로 33,35.86555385,128.5700258,"어린이집,유치원"
,세화유치원,대구광역시 서구 서대구로5길 56,35.86000766,128.5504903,"어린이집,유치원"
,창의나라유치원,대구광역시 서구 서대구로42길 53,35.87725608,128.5611134,"어린이집,유치원"
,계명대학교대구동산병원,"대구광역시 중구 달성로 56, 계명대학교대구동산병원 (동산동)",35.86877856,128.5826704,병원
,제이원병원,"대구광역시 서구 국채보상로 232, 1~5층 (평리동)",35.87046628,128.5565618,병원
,으뜸병원,대구광역시 중구 국채보상로 536 (수동),35.8700508,128.5893509,병원
,누네안과병원,"대구광역시 중구 달구벌대로 2179, 눈빌딩 1층~8층 (삼덕동2가)",35.86374436,128.6019236,병원
,대한요양병원,"대구광역시 중구 중앙대로 297, 3~7층 (남산동)",35.85990816,128.5915807,병원
,대구자생한방병원,"대구광역시 중구 달구벌대로 2033, 5층~9층 (동산동, 대구메디센터)",35.86653313,128.5859841,병원
,경북대학교치과병원,"대구광역시 중구 달구벌대로 2175 (삼덕동2가, 경북대학교치과병원)",35.86389847,128.6013945,병원
,경북대학교병원,"대구광역시 중구 동덕로 130 (삼덕동2가, 경북대학교병원)",35.86614686,128.605246,병원
,곽병원,대구광역시 중구 국채보상로 531 (수동),35.87085708,128.5886601,병원
,내이치과병원,대구광역시 중구 대봉로 267 (봉산동),35.86232269,128.5998123,병원
,남산병원,대구광역시 중구 남산로13길 9 (남산동),35.86147427,128.581914,병원
,덕영치과병원,대구광역시 중구 국채보상로 511 (서문로2가),35.87079117,128.5865803,병원
,우리들병원,대구광역시 중구 국채보상로 648 (동인동2가),35.86933829,128.6011818,병원
,분홍빛으로병원,대구광역시 중구 동덕로 141 (삼덕동2가),35.86713455,128.6033874,병원
,미르치과병원,대구광역시 중구 공평로 12 (삼덕동2가),35.86501533,128.6000996,병원
,대구의료원,대구광역시 서구 평리로 157 (중리동),35.85950503,128.5400867,병원
,대덕의료재단 보람요양병원,대구광역시 서구 달서로 35 (내당동),35.86547235,128.5706619,병원
,곽호순병원,대구광역시 서구 통학로 31 (내당동),35.86306165,128.5639405,병원
,열린큰병원,"대구광역시 서구 달구벌대로 1877 (내당동, 열린큰병원)",35.86182007,128.5696811,병원
,세민병원,"대구광역시 서구 국채보상로 302 (평리동, 세민병원)",35.87169938,128.5640438,병원
,대명의료재단서대구병원,대구광역시 서구 국채보상로 200 (평리동),35.86965124,128.5530305,병원
,한신병원,대구광역시 서구 서대구로 60 (내당동),35.86335776,128.5566028,병원
,대구광역시서부노인전문병원,대구광역시 서구 와룡로 298-13 (중리동),35.85968581,128.5392054,병원
,새동산병원,대구광역시 서구 국채보상로 379 (비산동),35.87246058,128.5723772,병원
,대구연세요양병원,대구광역시 서구 북비산로 156 (평리동),35.87851025,128.5502693,병원
,웰니스1004요양병원,"대구광역시 서구 달구벌대로 1889, 지하3층, 2층~5층 (내당동)",35.86215109,128.5708685,병원
,제이병원,대구광역시 서구 달구벌대로 1677 (내당동),35.85524119,128.5491218,병원
,참튼튼병원,"대구광역시 서구 달구벌대로 1807, 지하1,1층일부~7층 (내당동)",35.85990088,128.5624358,병원
,열린요양병원,대구광역시 서구 북비산로 239 (평리동),35.87946692,128.5594474,병원
,남대구요양병원,대구광역시 서구 서대구로 315 (비산동),35.88586503,128.5571243,병원
,제일효요양병원,"대구광역시 서구 북비산로 250 (평리동, 제일효병원)",35.87892014,128.5602861,병원
,인제재활병원,대구광역시 수성구 신천동로84길 21 (수성동4가),35.86183097,128.6110024,병원
,시지에프엠치과병원,대구광역시 수성구 달구벌대로 3266 (신매동),35.83724863,128.7129186,병원
,의료법인경동의료재단효성병원,"대구광역시 수성구 수성로 194, 효성병원(본관) (중동)",35.8426943,128.6127541,병원
,송효의료재단효산요양병원,대구광역시 수성구 동대구로 245 (범어동),35.85218635,128.6246421,병원
,파티마여성병원,대구광역시 수성구 달구벌대로 3119 (시지동),35.84285807,128.6983303,병원
,수성명가요양병원,"대구광역시 수성구 희망로 219 (황금동, 수성명가요양병원)",35.84664081,128.6228849,병원
,수성중동병원,"대구광역시 수성구 수성로 268, 1층 102호, 2층~8층 (중동)",35.84938014,128.6133971,병원
,굳센병원,대구광역시 수성구 국채보상로 830 (범어동),35.86710667,128.6216397,병원
,참좋은요양병원,대구광역시 수성구 신천동로 482 (수성동4가),35.86612642,128.6146209,병원
,수성아동병원,대구광역시 수성구 명덕로 424 (수성동2가),35.85401661,128.6163806,병원
,라온치과병원,"대구광역시 수성구 동대구로 312, 8,9층 (범어동)",35.85820654,128.6269249,병원
,의료법인한성재단동아메디병원,"대구광역시 수성구 지산로 77 (지산동, (지상1~6층))",35.82778867,128.6336118,병원
,올곧은병원,대구광역시 수성구 화랑로 66 (만촌동),35.87137515,128.6343715,병원
,수성요양병원,"대구광역시 수성구 동대구로 148 (황금동, 수성요양병원)",35.84313611,128.6248903,병원
,스위스요양병원,"대구광역시 수성구 화랑로 26, 2,3,4층 (만촌동, 만촌우방하이츠)",35.86876782,128.6320166,병원
,의료법인해정의료재단더좋은병원,"대구광역시 수성구 명덕로 443, 본관, 별관 (수성동3가)",35.85473619,128.6190356,병원
,오성치과병원,"대구광역시 수성구 욱수천로 115, 2층 (신매동)",35.83824484,128.7137429,병원
,대구광역시시지노인전문병원,"대구광역시 수성구 유니버시아드로 365, 대구광역시시지노인전문병원 (욱수동)",35.82883482,128.7103148,병원
,의료법인춘곡의료재단수성메트로병원,대구광역시 수성구 무열로 5 (만촌동),35.85965143,128.6456967,병원
,(재)미리내천주성삼성직수도회천주성삼병원,"대구광역시 수성구 달구벌대로 3190 (신매동, 천주성삼병원)",35.84022403,128.7057209,병원
,여성메디파크병원,대구광역시 수성구 동대구로 271 (범어동),35.8545227,128.6246719,병원
,수성한미병원,"대구광역시 수성구 달구벌대로 2348, 지하1,지상4~6층 (수성동3가, 수협G 타워)",35.85917193,128.619357,병원
,동인외과병원,대구광역시 수성구 화랑로 48 (만촌동),35.87009524,128.633452,병원
,의료법인정목의료재단한패밀리요양병원,"대구광역시 수성구 동대구로 12, 한패밀리병원 (지산동)",35.83130164,128.6239777,병원
,윌치과병원,"대구광역시 수성구 달구벌대로 2510, 범어동근생시설 (범어동)",35.85846568,128.6372008,병원
,W여성병원,대구광역시 수성구 화랑로 58 (만촌동),35.87081046,128.6339719,병원
,라파엘병원,대구광역시 중구 중앙대로 303 (남산동),35.86041899,128.591876,병원
,푸른병원,대구광역시 중구 태평로 102 (태평로3가),35.8759805,128.5889498,병원
,척탑병원,대구광역시 중구 달구벌대로 1999 (동산동),35.86548786,128.5827018,병원
,새로난한방병원,"대구광역시 수성구 달구벌대로 2492, 1,2,4~9,11층 (범어동)",35.85849124,128.6351953,병원
,김신요양병원,"대구광역시 수성구 수성로 228, 지하1~10층 (중동)",35.84586192,128.6131425,병원
,광개토병원,"대구광역시 중구 중앙대로 366, 지하1,2,3,5,7,11,12,14,17층 (덕산동)",35.86609714,128.5938406,병원
,경대재활요양병원,"대구광역시 서구 국채보상로 223, 대원빌딩 4~10층 (평리동)",35.87082788,128.5553451,병원
,삼육오엠씨병원,"대구광역시 중구 명륜로23길 106, 반월당 클래시아2차 2,3층 (봉산동)",35.86475381,128.5948341,병원
,장수효요양병원,대구광역시 서구 평리로 380 (내당동),35.86551284,128.5644823,병원
,MS재건병원,"대구광역시 중구 동덕로 194 (동인동1가, 동화빌딩)",35.87192253,128.6048898,병원
,꽃담한방병원,"대구광역시 수성구 동대구로 353, 10~12층 (범어동)",35.86205881,128.6261631,병원
,뉴경대요양병원,"대구광역시 서구 국채보상로 232, 9~15층 (평리동)",35.87046628,128.5565618,병원
,수성제니스요양병원,"대구광역시 수성구 동대구로 64, 6~12,13 일부층 (지산동)",35.83595898,128.6243571,병원
,수월한방병원,"대구광역시 수성구 동대구로 64, 2~5,13일부층 (지산동)",35.83595898,128.6243571,병원
,팔달요양병원,"대구광역시 서구 팔달로 152, 7~12층 (비산동)",35.88875855,128.5666286,병원
,고려에이치한방병원,"대구광역시 수성구 동대구로 31, 5-8층 (두산동)",35.83313552,128.6228833,병원
,리봄한방병원 대구점,"대구광역시 중구 동성로1길 15, 3층 (동성로3가)",35.86698857,128.5946386,병원
,황금요양병원,"대구광역시 수성구 수성로 216, 지하1,지상2~10층 (중동)",35.84473116,128.6129727,병원
,대구효도요양병원,대구광역시 중구 달구벌대로 1929 (대신동),35.86323009,128.5754241,병원
,아세아병원,대구광역시 서구 서대구로 49 (내당동),35.86241529,128.5560377,병원
,현대병원,대구광역시 수성구 수성로 213 (중동),35.84494652,128.6119456,병원
,현대이병원,대구광역시 수성구 희망로 219 (황금동),35.84664081,128.6228849,병원
,행복한재활요양병원,대구광역시 중구 태평로 39 (태평로3가),35.87431247,128.5889352,병원
,대구효도요양병원,대구광역시 중구 달구벌대로 1929 (대신동),35.86323009,128.5754241,병원
,행복한재활요양병원,대구광역시 중구 태평로 39 (태평로3가),35.87431247,128.5889352,병원
,대구효도요양병원,대구광역시 중구 달구벌대로 1929 (대신동),35.86323009,128.5754241,병원
,늘열린성모병원,대구광역시 중구 이천로 236 (봉산동),35.8621198,128.5994794,병원
,동서치과병원,대구광역시 중구 동성로1길 77 (삼덕동1가),35.86526843,128.597497,병원
,닥터굿재활의학과병원,대구광역시 중구 국채보상로 582 (남일동),35.8706858,128.5943555,병원
,행복한재활요양병원,대구광역시 중구 태평로 39 (태평로3가),35.87431247,128.5889352,병원
,유니온병원,대구광역시 중구 동덕로 197 (동인동1가),35.87368,128.603,병원
,대구 포레스트한방병원,"대구광역시 수성구 명덕로 414, 9-12층 (수성동2가)",35.85411079,128.6154158,병원
,새사랑요양병원,"대구광역시 서구 팔달로 176, 3~5층 (원대동3가)",35.8883426,128.5692593,병원
,위드병원,대구광역시 서구 북비산로 239 (평리동),35.87946692,128.5594474,병원
,제일효요양병원,대구광역시 서구 북비산로 250 (평리동),35.87892014,128.5602861,병원
,사랑요양병원,"대구광역시 서구 팔달로 176 (원대동3가,2층일부,3층~5층)",35.8883426,128.5692593,병원
,아주존병원,"대구광역시 서구 서대구로 194, 지하1~2층일부층 (평리동)",35.87537846,128.5552748,병원
,아주조은요양병원,"대구광역시 서구 서대구로 194, 지하1~6층 (평리동)",35.87537846,128.5552748,병원
,제일한방병원,대구광역시 수성구 동대구로 397 (범어동),35.86577785,128.626316,병원
,학교법인 제한병원,"대구광역시 수성구 신천동로 136 (상동, (J동 가호))",35.83725389,128.6080404,병원
,수성명가요양병원,대구광역시 수성구 희망로 219 (황금동),35.84664081,128.6228849,병원
,동아메디병원,대구광역시 수성구 지산로 77 (지산동),35.82778867,128.6336118,병원
,맥치과병원,"대구광역시 수성구 달구벌대로 2425 (범어동, (3층))",35.85945743,128.6280906,병원
,세계로병원,"대구광역시 수성구 명덕로 424 (수성동2가,(부국빌딩3층))",35.85401661,128.6163806,병원
,노아요양병원,"대구광역시 수성구 명덕로 424 (수성동2가,(부국빌딩 3층))",35.85401661,128.6163806,병원
,미강의료소비자생활협동조합 수성요양병원,대구광역시 수성구 동대구로 148 (황금동),35.84313611,128.6248903,병원
,시지라온치과병원,대구광역시 수성구 달구벌대로 3223 (신매동),35.8398455,128.7093046,병원
,송효의료재단효산병원,대구광역시 수성구 동대구로 245 (범어동),35.85218635,128.6246421,병원
,시지열린아동병원,"대구광역시 수성구 달구벌대로 3188, 4,5층 (신매동, 아레나스포츠센터)",35.84031722,128.7052154,병원
,불교한방병원,대구광역시 수성구 용학로25길 6 (두산동),35.82396536,128.6242002,병원
,효성아동병원,대구광역시 수성구 수성로 200 (중동),35.84321129,128.6128517,병원
,동아메디요양병원,대구광역시 수성구 지산로 77 (지산동),35.82778867,128.6336118,병원
,킴스치과병원,대구광역시 수성구 청수로 168 (지산동),35.83896411,128.6263603,병원
,노아한방병원,대구광역시 중구 국채보상로139길 41 (동인동1가),35.87106692,128.6061782,병원
,노아동인요양병원,대구광역시 중구 국채보상로139길 41 (동인동1가),35.87106692,128.6061782,병원
,노아요양병원,대구광역시 중구 국채보상로139길 41 (동인동1가),35.87106692,128.6061782,병원
,백초한방병원,"대구광역시 수성구 명덕로 414, 10~12층 (수성동2가)",35.85411079,128.6154158,병원
,더필병원,대구광역시 서구 서대구로 194 (평리동),35.87537846,128.5552748,병원
